-- phpMyAdmin SQL Dump
-- version 4.3.8
-- http://www.phpmyadmin.net
--
-- Host: localhost
-- Generation Time: Apr 20, 2017 at 07:47 AM
-- Server version: 5.5.51-38.2
-- PHP Version: 5.6.20

SET SQL_MODE = "NO_AUTO_VALUE_ON_ZERO";
SET time_zone = "+00:00";


/*!40101 SET @OLD_CHARACTER_SET_CLIENT=@@CHARACTER_SET_CLIENT */;
/*!40101 SET @OLD_CHARACTER_SET_RESULTS=@@CHARACTER_SET_RESULTS */;
/*!40101 SET @OLD_COLLATION_CONNECTION=@@COLLATION_CONNECTION */;
/*!40101 SET NAMES utf8 */;

--
-- Database: `tumblrne_matjar_shipping2`
--

-- --------------------------------------------------------

--
-- Table structure for table `channels`
--

CREATE TABLE IF NOT EXISTS `channels` (
  `id` int(11) unsigned NOT NULL,
  `country_code` char(2) CHARACTER SET latin1 NOT NULL,
  `state_code` varchar(5) NOT NULL,
  `city_id` mediumint(11) unsigned DEFAULT NULL,
  `zip` varchar(8) CHARACTER SET latin1 DEFAULT NULL,
  `weight` float DEFAULT NULL,
  `price` float DEFAULT NULL
) ENGINE=InnoDB AUTO_INCREMENT=14 DEFAULT CHARSET=utf8;

--
-- Dumping data for table `channels`
--

INSERT INTO `channels` (`id`, `country_code`, `state_code`, `city_id`, `zip`, `weight`, `price`) VALUES
(1, 'SA', '02', NULL, NULL, NULL, 100),
(2, 'SA', '05', NULL, NULL, NULL, 110),
(3, 'SA', '06', NULL, NULL, NULL, 120),
(4, 'SA', '08', NULL, NULL, NULL, 130),
(5, 'SA', '10', NULL, NULL, NULL, 140),
(6, 'SA', '11', NULL, NULL, NULL, 150),
(7, 'SA', '13', NULL, NULL, NULL, 160),
(8, 'SA', '14', NULL, NULL, NULL, 170),
(9, 'SA', '15', NULL, NULL, NULL, 180),
(10, 'SA', '16', NULL, NULL, NULL, 190),
(11, 'SA', '17', NULL, NULL, NULL, 200),
(12, 'SA', '19', NULL, NULL, NULL, 210),
(13, 'SA', '20', NULL, NULL, NULL, 220);

-- --------------------------------------------------------

--
-- Table structure for table `cities`
--

CREATE TABLE IF NOT EXISTS `cities` (
  `id` int(10) unsigned NOT NULL,
  `country_code` varchar(2) NOT NULL,
  `state_code` varchar(20) NOT NULL,
  `city_name` varchar(255) NOT NULL,
  `city_name_ascii` varchar(255) NOT NULL,
  `timezoneid` varchar(255) NOT NULL
) ENGINE=InnoDB AUTO_INCREMENT=6 DEFAULT CHARSET=utf8;

--
-- Dumping data for table `cities`
--

INSERT INTO `cities` (`id`, `country_code`, `state_code`, `city_name`, `city_name_ascii`, `timezoneid`) VALUES
(1, 'BD', '81', 'Dhaka', '', ''),
(2, 'BD', '81', 'Savar', '', ''),
(3, 'TR', '81', 'Adana-city', '', ''),
(4, 'TR', '90', 'Kilis-city', '', ''),
(5, 'BD', '83', 'Pabna', '', '');

-- --------------------------------------------------------

--
-- Table structure for table `countries`
--

CREATE TABLE IF NOT EXISTS `countries` (
  `country_code` varchar(2) COLLATE utf8_persian_ci DEFAULT NULL,
  `country_name` varchar(255) COLLATE utf8_persian_ci DEFAULT NULL
) ENGINE=InnoDB DEFAULT CHARSET=utf8 COLLATE=utf8_persian_ci;

--
-- Dumping data for table `countries`
--

INSERT INTO `countries` (`country_code`, `country_name`) VALUES
('AD', 'Andorra'),
('AE', 'United Arab Emirates'),
('AF', 'Afghanistan'),
('AG', 'Antigua And Barbuda'),
('AI', 'Anguilla'),
('AL', 'Albania'),
('AM', 'Armenia'),
('AO', 'Angola'),
('AR', 'Argentina'),
('AS', 'American Samoa'),
('AT', 'Austria'),
('AU', 'Australia'),
('AW', 'Aruba'),
('AX', 'Aland Islands'),
('AZ', 'Azerbaijan'),
('BA', 'Bosnia And Herzegovina'),
('BB', 'Barbados'),
('BD', 'Bangladesh'),
('BE', 'Belgium'),
('BF', 'Burkina Faso'),
('BG', 'Bulgaria'),
('BH', 'Bahrain'),
('BI', 'Burundi'),
('BJ', 'Benin'),
('BL', 'Saint Barthelemy'),
('BM', 'Bermuda'),
('BN', 'Brunei'),
('BO', 'Bolivia'),
('BQ', 'Bonaire, Saint Eustatius And Saba '),
('BR', 'Brazil'),
('BS', 'Bahamas'),
('BT', 'Bhutan'),
('BW', 'Botswana'),
('BY', 'Belarus'),
('BZ', 'Belize'),
('CA', 'Canada'),
('CC', 'Cocos Islands'),
('CD', 'Democratic Republic Of The Congo'),
('CF', 'Central African Republic'),
('CG', 'Republic Of The Congo'),
('CH', 'Switzerland'),
('CI', 'Ivory Coast'),
('CK', 'Cook Islands'),
('CL', 'Chile'),
('CM', 'Cameroon'),
('CN', 'China'),
('CO', 'Colombia'),
('CR', 'Costa Rica'),
('CU', 'Cuba'),
('CV', 'Cape Verde'),
('CW', 'Curacao'),
('CX', 'Christmas Island'),
('CY', 'Cyprus'),
('CZ', 'Czech Republic'),
('DE', 'Germany'),
('DJ', 'Djibouti'),
('DK', 'Denmark'),
('DM', 'Dominica'),
('DO', 'Dominican Republic'),
('DZ', 'Algeria'),
('EC', 'Ecuador'),
('EE', 'Estonia'),
('EG', 'Egypt'),
('EH', 'Western Sahara'),
('ER', 'Eritrea'),
('ES', 'Spain'),
('ET', 'Ethiopia'),
('FI', 'Finland'),
('FJ', 'Fiji'),
('FK', 'Falkland Islands'),
('FM', 'Micronesia'),
('FO', 'Faroe Islands'),
('FR', 'France'),
('GA', 'Gabon'),
('GB', 'United Kingdom'),
('GD', 'Grenada'),
('GE', 'Georgia'),
('GF', 'French Guiana'),
('GG', 'Guernsey'),
('GH', 'Ghana'),
('GI', 'Gibraltar'),
('GL', 'Greenland'),
('GM', 'Gambia'),
('GN', 'Guinea'),
('GP', 'Guadeloupe'),
('GQ', 'Equatorial Guinea'),
('GR', 'Greece'),
('GS', 'South Georgia And The South Sandwich Islands'),
('GT', 'Guatemala'),
('GU', 'Guam'),
('GW', 'Guinea-Bissau'),
('GY', 'Guyana'),
('HK', 'Hong Kong'),
('HN', 'Honduras'),
('HR', 'Croatia'),
('HT', 'Haiti'),
('HU', 'Hungary'),
('ID', 'Indonesia'),
('IE', 'Ireland'),
('IL', 'Israel'),
('IM', 'Isle Of Man'),
('IN', 'India'),
('IO', 'British Indian Ocean Territory'),
('IQ', 'Iraq'),
('IR', 'Iran'),
('IS', 'Iceland'),
('IT', 'Italy'),
('JE', 'Jersey'),
('JM', 'Jamaica'),
('JO', 'Jordan'),
('JP', 'Japan'),
('KE', 'Kenya'),
('KG', 'Kyrgyzstan'),
('KH', 'Cambodia'),
('KI', 'Kiribati'),
('KM', 'Comoros'),
('KN', 'Saint Kitts And Nevis'),
('KP', 'North Korea'),
('KR', 'South Korea'),
('KW', 'Kuwait'),
('KY', 'Cayman Islands'),
('KZ', 'Kazakhstan'),
('LA', 'Laos'),
('LB', 'Lebanon'),
('LC', 'Saint Lucia'),
('LI', 'Liechtenstein'),
('LK', 'Sri Lanka'),
('LR', 'Liberia'),
('LS', 'Lesotho'),
('LT', 'Lithuania'),
('LU', 'Luxembourg'),
('LV', 'Latvia'),
('LY', 'Libya'),
('MA', 'Morocco'),
('MC', 'Monaco'),
('MD', 'Moldova'),
('ME', 'Montenegro'),
('MF', 'Saint Martin'),
('MG', 'Madagascar'),
('MH', 'Marshall Islands'),
('MK', 'Macedonia'),
('ML', 'Mali'),
('MM', 'Myanmar'),
('MN', 'Mongolia'),
('MO', 'Macao'),
('MP', 'Northern Mariana Islands'),
('MQ', 'Martinique'),
('MR', 'Mauritania'),
('MS', 'Montserrat'),
('MT', 'Malta'),
('MU', 'Mauritius'),
('MV', 'Maldives'),
('MW', 'Malawi'),
('MX', 'Mexico'),
('MY', 'Malaysia'),
('MZ', 'Mozambique'),
('NA', 'Namibia'),
('NC', 'New Caledonia'),
('NE', 'Niger'),
('NF', 'Norfolk Island'),
('NG', 'Nigeria'),
('NI', 'Nicaragua'),
('NL', 'Netherlands'),
('NO', 'Norway'),
('NP', 'Nepal'),
('NR', 'Nauru'),
('NU', 'Niue'),
('NZ', 'New Zealand'),
('OM', 'Oman'),
('PA', 'Panama'),
('PE', 'Peru'),
('PF', 'French Polynesia'),
('PG', 'Papua New Guinea'),
('PH', 'Philippines'),
('PK', 'Pakistan'),
('PL', 'Poland'),
('PM', 'Saint Pierre And Miquelon'),
('PR', 'Puerto Rico'),
('PS', 'Palestinian Territory'),
('PT', 'Portugal'),
('PW', 'Palau'),
('PY', 'Paraguay'),
('QA', 'Qatar'),
('RE', 'Reunion'),
('RO', 'Romania'),
('RS', 'Serbia'),
('RU', 'Russia'),
('RW', 'Rwanda'),
('SA', 'Saudi Arabia'),
('SB', 'Solomon Islands'),
('SC', 'Seychelles'),
('SD', 'Sudan'),
('SE', 'Sweden'),
('SG', 'Singapore'),
('SH', 'Saint Helena'),
('SI', 'Slovenia'),
('SJ', 'Svalbard And Jan Mayen'),
('SK', 'Slovakia'),
('SL', 'Sierra Leone'),
('SM', 'San Marino'),
('SN', 'Senegal'),
('SO', 'Somalia'),
('SR', 'Suriname'),
('SS', 'South Sudan'),
('ST', 'Sao Tome And Principe'),
('SV', 'El Salvador'),
('SX', 'Sint Maarten'),
('SY', 'Syria'),
('SZ', 'Swaziland'),
('TC', 'Turks And Caicos Islands'),
('TD', 'Chad'),
('TF', 'French Southern Territories'),
('TG', 'Togo'),
('TH', 'Thailand'),
('TJ', 'Tajikistan'),
('TK', 'Tokelau'),
('TL', 'East Timor'),
('TM', 'Turkmenistan'),
('TN', 'Tunisia'),
('TO', 'Tonga'),
('TR', 'Turkey'),
('TT', 'Trinidad And Tobago'),
('TV', 'Tuvalu'),
('TW', 'Taiwan'),
('TZ', 'Tanzania'),
('UA', 'Ukraine'),
('UG', 'Uganda'),
('UM', 'United States Minor Outlying Islands'),
('US', 'United States'),
('UY', 'Uruguay'),
('UZ', 'Uzbekistan'),
('VC', 'Saint Vincent And The Grenadines'),
('VE', 'Venezuela'),
('VG', 'British Virgin Islands'),
('VI', 'U.S. Virgin Islands'),
('VN', 'Vietnam'),
('VU', 'Vanuatu'),
('WF', 'Wallis And Futuna'),
('WS', 'Samoa'),
('XK', 'Kosovo'),
('YE', 'Yemen'),
('YT', 'Mayotte'),
('ZA', 'South Africa'),
('ZM', 'Zambia'),
('ZW', 'Zimbabwe');

-- --------------------------------------------------------

--
-- Table structure for table `states`
--

CREATE TABLE IF NOT EXISTS `states` (
  `id` int(10) unsigned NOT NULL,
  `country_code` varchar(2) NOT NULL DEFAULT '',
  `state_code` varchar(20) NOT NULL DEFAULT '',
  `state_name` varchar(255) DEFAULT NULL
) ENGINE=InnoDB AUTO_INCREMENT=3936 DEFAULT CHARSET=utf8;

--
-- Dumping data for table `states`
--

INSERT INTO `states` (`id`, `country_code`, `state_code`, `state_name`) VALUES
(1, 'AD', '02', 'Canillo'),
(2, 'AD', '03', 'Encamp'),
(3, 'AD', '04', 'La Massana'),
(4, 'AD', '05', 'Ordino'),
(5, 'AD', '06', 'Sant Julia de Loria'),
(6, 'AD', '07', 'Andora la Vella'),
(7, 'AD', '08', 'Escaldes-Engordany'),
(8, 'AE', '01', 'Abu Dhabi'),
(9, 'AE', '02', 'Ajman'),
(10, 'AE', '03', 'Dubai'),
(11, 'AE', '04', 'Al Fujayrah'),
(12, 'AE', '05', 'Ra''s al Khaymah'),
(13, 'AE', '06', 'Ash Shariqah'),
(14, 'AE', '07', 'Umm al Qaywayn'),
(15, 'AF', '01', 'Badakhshan'),
(16, 'AF', '02', 'Badghis'),
(17, 'AF', '03', 'Wilayat-e Baghlan'),
(18, 'AF', '05', 'Bamian'),
(19, 'AF', '06', 'Farah'),
(20, 'AF', '07', 'Faryab'),
(21, 'AF', '08', 'Ghazni'),
(22, 'AF', '09', 'Ghowr'),
(23, 'AF', '10', 'Helmand'),
(24, 'AF', '11', 'Herat'),
(25, 'AF', '13', 'Kabul'),
(26, 'AF', '14', 'Kapisa'),
(27, 'AF', '17', 'Lowgar'),
(28, 'AF', '18', 'Nangarhar'),
(29, 'AF', '19', 'Nimruz'),
(30, 'AF', '23', 'Kandahar'),
(31, 'AF', '24', 'Kunduz'),
(32, 'AF', '26', 'Takhar'),
(33, 'AF', '27', 'Vardak'),
(34, 'AF', '28', 'Zabul'),
(35, 'AF', '29', 'Paktika'),
(36, 'AF', '30', 'Balkh'),
(37, 'AF', '31', 'Jowzjan'),
(38, 'AF', '32', 'Samangan'),
(39, 'AF', '33', 'Sar-e Pol'),
(40, 'AF', '34', 'Konar'),
(41, 'AF', '35', 'Laghman'),
(42, 'AF', '36', 'Paktia'),
(43, 'AF', '37', 'Khowst'),
(44, 'AF', '38', 'Nurestan'),
(45, 'AF', '39', 'Oruzgan'),
(46, 'AF', '40', 'Parvan'),
(47, 'AF', '41', 'Daykundi'),
(48, 'AF', '42', 'Panjshir'),
(49, 'AG', '01', 'Barbuda'),
(50, 'AG', '03', 'Saint George'),
(51, 'AG', '04', 'Saint John'),
(52, 'AG', '05', 'Saint Mary'),
(53, 'AG', '06', 'Saint Paul'),
(54, 'AG', '07', 'Saint Peter'),
(55, 'AG', '08', 'Saint Philip'),
(56, 'AG', '09', 'Redonda'),
(57, 'AI', '00', 'N/A'),
(58, 'AL', '40', 'Berat'),
(59, 'AL', '41', 'Diber'),
(60, 'AL', '42', 'Durres'),
(61, 'AL', '43', 'Elbasan'),
(62, 'AL', '44', 'Fier'),
(63, 'AL', '45', 'Gjirokaster'),
(64, 'AL', '46', 'Korce'),
(65, 'AL', '47', 'Kukes'),
(66, 'AL', '48', 'Lezhe'),
(67, 'AL', '49', 'Shkoder'),
(68, 'AL', '50', 'Tirane'),
(69, 'AL', '51', 'Vlore'),
(70, 'AM', '01', 'Aragatsotn'),
(71, 'AM', '02', 'Ararat'),
(72, 'AM', '03', 'Armavir'),
(73, 'AM', '04', 'Geghark''unik''i Marz'),
(74, 'AM', '05', 'Kotayk''i Marz'),
(75, 'AM', '06', 'Lorri'),
(76, 'AM', '07', 'Shirak'),
(77, 'AM', '08', 'Syunik''i Marz'),
(78, 'AM', '09', 'Tavush'),
(79, 'AM', '10', 'Vayots'' Dzori Marz'),
(80, 'AM', '11', 'Yerevan'),
(81, 'AO', '01', 'Benguela'),
(82, 'AO', '02', 'Bie'),
(83, 'AO', '03', 'Cabinda'),
(84, 'AO', '04', 'Cuando Cubango'),
(85, 'AO', '05', 'Cuanza Norte'),
(86, 'AO', '06', 'Cuanza Sul'),
(87, 'AO', '07', 'Cunene'),
(88, 'AO', '08', 'Huambo'),
(89, 'AO', '09', 'Huila'),
(90, 'AO', '12', 'Malanje'),
(91, 'AO', '13', 'Namibe'),
(92, 'AO', '14', 'Moxico'),
(93, 'AO', '15', 'Uige'),
(94, 'AO', '16', 'Zaire'),
(95, 'AO', '17', 'Lunda Norte'),
(96, 'AO', '18', 'Lunda Sul'),
(97, 'AO', '19', 'Bengo'),
(98, 'AO', '20', 'Luanda'),
(99, 'AR', '01', 'Buenos Aires'),
(100, 'AR', '02', 'Catamarca'),
(101, 'AR', '03', ''),
(102, 'AR', '04', 'Chubut'),
(103, 'AR', '05', 'Cordoba'),
(104, 'AR', '06', 'Corrientes'),
(105, 'AR', '07', 'D'),
(106, 'AR', '08', 'Entre Rios'),
(107, 'AR', '09', 'Formosa'),
(108, 'AR', '10', 'Jujuy'),
(109, 'AR', '11', 'La Pampa'),
(110, 'AR', '12', 'La Rioja'),
(111, 'AR', '13', 'Mendoza'),
(112, 'AR', '14', 'Misiones'),
(113, 'AR', '15', 'Neuquen'),
(114, 'AR', '16', 'Rio Negro'),
(115, 'AR', '17', 'Salta'),
(116, 'AR', '18', 'San Juan'),
(117, 'AR', '19', 'San Luis'),
(118, 'AR', '20', 'Santa Cruz'),
(119, 'AR', '21', 'Santa Fe'),
(120, 'AR', '22', 'Santiago del Estero'),
(121, 'AR', '23', 'Tierra del Fuego'),
(122, 'AR', '24', 'Tucuman'),
(123, 'AS', '010', 'Eastern District'),
(124, 'AS', '020', 'Manu''a'),
(125, 'AS', '030', 'Rose Island'),
(126, 'AS', '040', 'Swains Island'),
(127, 'AS', '050', 'Western District'),
(128, 'AT', '01', 'Burgenland'),
(129, 'AT', '02', 'Carinthia'),
(130, 'AT', '03', 'Lower Austria'),
(131, 'AT', '04', 'Upper Austria'),
(132, 'AT', '05', 'Salzburg'),
(133, 'AT', '06', 'Styria'),
(134, 'AT', '07', 'Tyrol'),
(135, 'AT', '08', 'Vorarlberg'),
(136, 'AT', '09', 'Vienna'),
(137, 'AU', '01', 'Australian Capital Territory'),
(138, 'AU', '02', 'New South Wales'),
(139, 'AU', '03', 'Northern Territory'),
(140, 'AU', '04', 'Queensland'),
(141, 'AU', '05', 'South Australia'),
(142, 'AU', '06', 'Tasmania'),
(143, 'AU', '07', 'Victoria'),
(144, 'AU', '08', 'Western Australia'),
(145, 'AW', '00', 'N/A'),
(146, 'AX', '211', 'Mariehamns stad'),
(147, 'AX', '212', 'Alands landsbygd'),
(148, 'AX', '213', 'Alands skaergard'),
(149, 'AZ', '01', 'Abseron'),
(150, 'AZ', '02', 'Aghjabadi Rayon'),
(151, 'AZ', '03', 'Agdam'),
(152, 'AZ', '04', 'Agdas'),
(153, 'AZ', '05', 'Agstafa'),
(154, 'AZ', '06', 'Agsu'),
(155, 'AZ', '07', 'Shirvan'),
(156, 'AZ', '08', 'Astara'),
(157, 'AZ', '09', 'Baki'),
(158, 'AZ', '10', 'Balakan Rayon'),
(159, 'AZ', '11', 'Barda Rayon'),
(160, 'AZ', '12', 'Beylaqan'),
(161, 'AZ', '13', 'Bilasuvar Rayon'),
(162, 'AZ', '14', 'Cabrayil Rayonu'),
(163, 'AZ', '15', 'Jalilabad'),
(164, 'AZ', '16', 'Dashkasan Rayon'),
(165, 'AZ', '17', 'Shabran'),
(166, 'AZ', '18', 'Fuezuli'),
(167, 'AZ', '19', 'Gadabay Rayon'),
(168, 'AZ', '20', 'Ganja City'),
(169, 'AZ', '21', 'Goranboy'),
(170, 'AZ', '22', 'Goeycay'),
(171, 'AZ', '23', 'Haciqabul'),
(172, 'AZ', '24', 'Imisli'),
(173, 'AZ', '25', 'Ismayilli'),
(174, 'AZ', '26', 'Kalbacar Rayonu'),
(175, 'AZ', '27', 'Kurdamir Rayon'),
(176, 'AZ', '28', 'Lacin'),
(177, 'AZ', '29', 'Lankaran'),
(178, 'AZ', '30', 'Lankaran Sahari'),
(179, 'AZ', '31', 'Lerik'),
(180, 'AZ', '32', 'Masally'),
(181, 'AZ', '33', 'Mingacevir City'),
(182, 'AZ', '34', 'Naftalan'),
(183, 'AZ', '35', 'Nakhichevan'),
(184, 'AZ', '36', 'Neftcala'),
(185, 'AZ', '37', 'Oguz'),
(186, 'AZ', '38', 'Qabala Rayon'),
(187, 'AZ', '39', 'Qakh Rayon'),
(188, 'AZ', '40', 'Qazax'),
(189, 'AZ', '41', 'Qobustan'),
(190, 'AZ', '42', 'Quba'),
(191, 'AZ', '43', 'Qubadli'),
(192, 'AZ', '44', 'Qusar'),
(193, 'AZ', '45', 'Saatli'),
(194, 'AZ', '46', 'Sabirabad'),
(195, 'AZ', '47', 'Shaki Rayon'),
(196, 'AZ', '48', 'Shaki City'),
(197, 'AZ', '49', 'Salyan'),
(198, 'AZ', '50', 'Samaxi'),
(199, 'AZ', '51', 'Shamkir Rayon'),
(200, 'AZ', '52', 'Samux'),
(201, 'AZ', '53', 'Siazan Rayon'),
(202, 'AZ', '54', 'Sumqayit'),
(203, 'AZ', '55', 'Susa'),
(204, 'AZ', '56', 'Shusha'),
(205, 'AZ', '57', 'Tartar Rayon'),
(206, 'AZ', '58', 'Tovuz'),
(207, 'AZ', '59', 'Ucar'),
(208, 'AZ', '60', 'Xacmaz'),
(209, 'AZ', '61', 'Xankandi Sahari'),
(210, 'AZ', '62', 'Goygol Rayon'),
(211, 'AZ', '63', 'Xizi'),
(212, 'AZ', '64', 'Xocali'),
(213, 'AZ', '65', 'Xocavand Rayonu'),
(214, 'AZ', '66', 'Yardimli'),
(215, 'AZ', '67', 'Yevlax'),
(216, 'AZ', '68', 'Yevlax City'),
(217, 'AZ', '69', 'Zangilan Rayon'),
(218, 'AZ', '70', 'Zaqatala'),
(219, 'AZ', '71', 'Zardab'),
(220, 'AZ', '75', 'Nakhchivan'),
(221, 'BA', '01', 'Federation of Bosnia and Herzegovina'),
(222, 'BA', '02', 'Republika Srpska'),
(223, 'BA', 'BRC', 'Brcko'),
(224, 'BB', '01', 'Christ Church'),
(225, 'BB', '02', 'Saint Andrew'),
(226, 'BB', '03', 'Saint George'),
(227, 'BB', '04', 'Saint James'),
(228, 'BB', '05', 'Saint John'),
(229, 'BB', '06', 'Saint Joseph'),
(230, 'BB', '07', 'Saint Lucy'),
(231, 'BB', '08', 'Saint Michael'),
(232, 'BB', '09', 'Saint Peter'),
(233, 'BB', '10', 'Saint Philip'),
(234, 'BB', '11', 'Saint Thomas'),
(235, 'BD', '81', 'Dhaka'),
(236, 'BD', '82', 'Khulna'),
(237, 'BD', '83', 'Rajshahi'),
(238, 'BD', '84', 'Chittagong'),
(239, 'BD', '85', 'Barisal'),
(240, 'BD', '86', 'Sylhet'),
(241, 'BD', '87', 'Rangpur'),
(242, 'BE', 'BRU', 'Brussels Capital'),
(243, 'BE', 'VLG', 'Flanders'),
(244, 'BE', 'WAL', 'Wallonia'),
(245, 'BF', '01', 'Boucle du Mouhoun'),
(246, 'BF', '02', 'Cascades'),
(247, 'BF', '03', 'Centre'),
(248, 'BF', '04', 'Centre-Est'),
(249, 'BF', '05', 'Centre-Nord'),
(250, 'BF', '06', 'Centre-Ouest'),
(251, 'BF', '07', 'Centre-Sud'),
(252, 'BF', '08', 'Est'),
(253, 'BF', '09', 'High-Basins'),
(254, 'BF', '10', 'Nord'),
(255, 'BF', '11', 'Plateau-Central'),
(256, 'BF', '12', 'Sahel'),
(257, 'BF', '13', 'Southwest'),
(258, 'BG', '38', 'Blagoevgrad'),
(259, 'BG', '39', 'Burgas'),
(260, 'BG', '40', 'Dobrich'),
(261, 'BG', '41', 'Gabrovo'),
(262, 'BG', '42', 'Sofia-Capital'),
(263, 'BG', '43', 'Khaskovo'),
(264, 'BG', '44', 'Kurdzhali'),
(265, 'BG', '45', 'Kyustendil'),
(266, 'BG', '46', 'Lovech'),
(267, 'BG', '47', 'Montana'),
(268, 'BG', '48', 'Pazardzhik'),
(269, 'BG', '49', 'Pernik'),
(270, 'BG', '50', 'Pleven'),
(271, 'BG', '51', 'Plovdiv'),
(272, 'BG', '52', 'Razgrad'),
(273, 'BG', '53', 'Ruse'),
(274, 'BG', '54', 'Shumen'),
(275, 'BG', '55', 'Silistra'),
(276, 'BG', '56', 'Sliven'),
(277, 'BG', '57', 'Smolyan'),
(278, 'BG', '58', 'Sofiya'),
(279, 'BG', '59', 'Stara Zagora'),
(280, 'BG', '60', 'Turgovishte'),
(281, 'BG', '61', 'Varna'),
(282, 'BG', '62', 'Veliko Turnovo'),
(283, 'BG', '63', 'Vidin'),
(284, 'BG', '64', 'Vratsa'),
(285, 'BG', '65', 'Yambol'),
(286, 'BH', '15', 'Muharraq'),
(287, 'BH', '16', 'Manama'),
(288, 'BH', '17', 'Southern Governorate'),
(289, 'BH', '18', 'Central Governorate'),
(290, 'BH', '19', 'Northern'),
(291, 'BI', '09', 'Bubanza'),
(292, 'BI', '10', 'Bururi'),
(293, 'BI', '11', 'Cankuzo'),
(294, 'BI', '12', 'Cibitoke'),
(295, 'BI', '13', 'Gitega'),
(296, 'BI', '14', 'Karuzi'),
(297, 'BI', '15', 'Kayanza'),
(298, 'BI', '16', 'Kirundo'),
(299, 'BI', '17', 'Makamba'),
(300, 'BI', '18', 'Muyinga'),
(301, 'BI', '19', 'Ngozi'),
(302, 'BI', '20', 'Rutana'),
(303, 'BI', '21', 'Ruyigi'),
(304, 'BI', '22', 'Muramvya'),
(305, 'BI', '23', 'Mwaro'),
(306, 'BI', '24', 'Bujumbura Mairie'),
(307, 'BI', '25', 'Bujumbura Rural'),
(308, 'BJ', '07', 'Alibori'),
(309, 'BJ', '08', 'Atakora'),
(310, 'BJ', '09', 'Atlantique'),
(311, 'BJ', '10', 'Borgou'),
(312, 'BJ', '11', 'Collines'),
(313, 'BJ', '12', 'Kouffo'),
(314, 'BJ', '13', 'Donga'),
(315, 'BJ', '14', 'Littoral'),
(316, 'BJ', '15', 'Mono'),
(317, 'BJ', '16', 'Queme'),
(318, 'BJ', '17', 'Plateau'),
(319, 'BJ', '18', 'Zou'),
(320, 'BL', '00', 'N/A'),
(321, 'BM', '01', 'Devonshire'),
(322, 'BM', '02', 'Hamilton Parish'),
(323, 'BM', '03', 'Hamilton city'),
(324, 'BM', '04', 'Paget'),
(325, 'BM', '05', 'Pembroke'),
(326, 'BM', '06', 'Saint George'),
(327, 'BM', '07', 'Saint George''s Parish'),
(328, 'BM', '08', 'Sandys'),
(329, 'BM', '09', 'Smith''s Parish'),
(330, 'BM', '10', 'Southampton'),
(331, 'BM', '11', 'Warwick'),
(332, 'BN', '01', 'Belait'),
(333, 'BN', '02', 'Brunei and Muara'),
(334, 'BN', '03', 'Temburong'),
(335, 'BN', '04', 'Tutong'),
(336, 'BO', '01', 'Chuquisaca'),
(337, 'BO', '02', 'Cochabamba'),
(338, 'BO', '03', 'El Beni'),
(339, 'BO', '04', 'La Paz'),
(340, 'BO', '05', 'Oruro'),
(341, 'BO', '06', 'Pando'),
(342, 'BO', '07', 'Potosi'),
(343, 'BO', '08', 'Santa Cruz'),
(344, 'BO', '09', 'Tarija'),
(345, 'BQ', 'BO', 'Bonaire'),
(346, 'BQ', 'SB', 'Saba'),
(347, 'BQ', 'SE', 'Sint Eustatius'),
(348, 'BR', '01', 'Acre'),
(349, 'BR', '02', 'Alagoas'),
(350, 'BR', '03', 'Amapa'),
(351, 'BR', '04', 'Amazonas'),
(352, 'BR', '05', 'Bahia'),
(353, 'BR', '06', 'Ceara'),
(354, 'BR', '07', 'Federal District'),
(355, 'BR', '08', 'Espirito Santo'),
(356, 'BR', '11', 'Mato Grosso do Sul'),
(357, 'BR', '13', 'Maranhao'),
(358, 'BR', '14', 'Mato Grosso'),
(359, 'BR', '15', 'Minas Gerais'),
(360, 'BR', '16', 'Para'),
(361, 'BR', '17', 'Paraiba'),
(362, 'BR', '18', 'Parana'),
(363, 'BR', '20', 'Piaui'),
(364, 'BR', '21', 'Rio de Janeiro'),
(365, 'BR', '22', 'Rio Grande do Norte'),
(366, 'BR', '23', 'Rio Grande do Sul'),
(367, 'BR', '24', 'Rondonia'),
(368, 'BR', '25', 'Roraima'),
(369, 'BR', '26', 'Santa Catarina'),
(370, 'BR', '27', 'Sao Paulo'),
(371, 'BR', '28', 'Sergipe'),
(372, 'BR', '29', 'Goias'),
(373, 'BR', '30', 'Pernambuco'),
(374, 'BR', '31', 'Tocantins'),
(375, 'BS', '05', 'Bimini'),
(376, 'BS', '06', 'Cat Island'),
(377, 'BS', '10', 'Exuma'),
(378, 'BS', '13', 'Inagua'),
(379, 'BS', '15', 'Long Island'),
(380, 'BS', '16', 'Mayaguana'),
(381, 'BS', '18', 'Ragged Island'),
(382, 'BS', '22', 'Harbour Island'),
(383, 'BS', '23', 'New Providence'),
(384, 'BS', '24', 'Acklins'),
(385, 'BS', '25', 'Freeport'),
(386, 'BS', '32', 'Berry Islands'),
(387, 'BS', '35', 'San Salvador'),
(388, 'BS', '36', 'Black Point'),
(389, 'BS', '37', 'Central Abaco'),
(390, 'BS', '38', 'Central Andros'),
(391, 'BS', '39', 'Central Eleuthera'),
(392, 'BS', '40', 'Crooked Island and Long Cay'),
(393, 'BS', '41', 'East Grand Bahama'),
(394, 'BS', '42', 'Grand Cay'),
(395, 'BS', '43', 'Hope Town'),
(396, 'BS', '44', 'Mangrove Cay'),
(397, 'BS', '45', 'Moore''s Island'),
(398, 'BS', '46', 'North Abaco'),
(399, 'BS', '47', 'North Andros'),
(400, 'BS', '48', 'North Eleuthera'),
(401, 'BS', '49', 'Rum Cay'),
(402, 'BS', '50', 'South Abaco'),
(403, 'BS', '51', 'South Andros'),
(404, 'BS', '52', 'South Eleuthera'),
(405, 'BS', '53', 'Spanish Wells'),
(406, 'BS', '54', 'West Grand Bahama'),
(407, 'BT', '05', 'Bumthang'),
(408, 'BT', '06', 'Chhukha'),
(409, 'BT', '07', 'Chirang'),
(410, 'BT', '08', 'Daga'),
(411, 'BT', '09', 'Geylegphug'),
(412, 'BT', '10', 'Ha'),
(413, 'BT', '11', 'Lhuntshi'),
(414, 'BT', '12', 'Mongar'),
(415, 'BT', '13', 'Paro'),
(416, 'BT', '14', 'Pemagatsel'),
(417, 'BT', '15', 'Punakha'),
(418, 'BT', '16', 'Samchi'),
(419, 'BT', '17', 'Samdrup Jongkhar'),
(420, 'BT', '18', 'Shemgang'),
(421, 'BT', '19', 'Tashigang'),
(422, 'BT', '20', 'Thimphu'),
(423, 'BT', '21', 'Tongsa'),
(424, 'BT', '22', 'Wangdi Phodrang'),
(425, 'BT', '23', 'Gasa'),
(426, 'BT', '24', 'Trashi Yangste'),
(427, 'BW', '01', 'Central'),
(428, 'BW', '03', 'Ghanzi'),
(429, 'BW', '04', 'Kgalagadi'),
(430, 'BW', '05', 'Kgatleng'),
(431, 'BW', '06', 'Kweneng'),
(432, 'BW', '08', 'North East'),
(433, 'BW', '09', 'South East'),
(434, 'BW', '10', 'Southern'),
(435, 'BW', '11', 'North West'),
(436, 'BY', '01', 'Brest'),
(437, 'BY', '02', 'Gomel'),
(438, 'BY', '03', 'Grodnenskaya'),
(439, 'BY', '04', 'Minsk'),
(440, 'BY', '05', 'Minsk'),
(441, 'BY', '06', 'Mogilev'),
(442, 'BY', '07', 'Vitebsk'),
(443, 'BZ', '01', 'Belize'),
(444, 'BZ', '02', 'Cayo'),
(445, 'BZ', '03', 'Corozal'),
(446, 'BZ', '04', 'Orange Walk'),
(447, 'BZ', '05', 'Stann Creek'),
(448, 'BZ', '06', 'Toledo'),
(449, 'CA', '01', 'Alberta'),
(450, 'CA', '02', 'British Columbia'),
(451, 'CA', '03', 'Manitoba'),
(452, 'CA', '04', 'New Brunswick'),
(453, 'CA', '05', 'Newfoundland and Labrador'),
(454, 'CA', '07', 'Nova Scotia'),
(455, 'CA', '08', 'Ontario'),
(456, 'CA', '09', 'Prince Edward Island'),
(457, 'CA', '10', 'Quebec'),
(458, 'CA', '11', 'Saskatchewan'),
(459, 'CA', '12', 'Yukon'),
(460, 'CA', '13', 'Northwest Territories'),
(461, 'CA', '14', 'Nunavut'),
(462, 'CC', '00', 'N/A'),
(463, 'CD', '01', 'Bandundu'),
(464, 'CD', '02', 'Equateur'),
(465, 'CD', '03', 'Kasai-Occidental'),
(466, 'CD', '04', 'Kasai-Oriental'),
(467, 'CD', '05', 'Katanga'),
(468, 'CD', '06', 'Kinshasa'),
(469, 'CD', '08', 'Bas-Congo'),
(470, 'CD', '09', 'Eastern Province'),
(471, 'CD', '10', 'Maniema'),
(472, 'CD', '11', 'Nord Kivu'),
(473, 'CD', '12', 'South Kivu'),
(474, 'CF', '01', 'Bamingui-Bangoran'),
(475, 'CF', '02', 'Basse-Kotto'),
(476, 'CF', '03', 'Haute-Kotto'),
(477, 'CF', '04', 'Mambere-Kadei'),
(478, 'CF', '05', 'Haut-Mbomou'),
(479, 'CF', '06', 'Kemo'),
(480, 'CF', '07', 'Lobaye'),
(481, 'CF', '08', 'Mbomou'),
(482, 'CF', '09', 'Nana-Mambere'),
(483, 'CF', '11', 'Ouaka'),
(484, 'CF', '12', 'Ouham'),
(485, 'CF', '13', 'Ouham-Pende'),
(486, 'CF', '14', 'Vakaga'),
(487, 'CF', '15', 'Nana-Grebizi'),
(488, 'CF', '16', 'Sangha-Mbaere'),
(489, 'CF', '17', 'Ombella-Mpoko'),
(490, 'CF', '18', 'Bangui'),
(491, 'CG', '01', 'Bouenza'),
(492, 'CG', '04', 'Kouilou'),
(493, 'CG', '05', 'Lekoumou'),
(494, 'CG', '06', 'Likouala'),
(495, 'CG', '07', 'Niari'),
(496, 'CG', '08', 'Plateaux'),
(497, 'CG', '10', 'Sangha'),
(498, 'CG', '11', 'Pool'),
(499, 'CG', '12', 'Brazzaville'),
(500, 'CG', '13', 'Cuvette'),
(501, 'CG', '14', 'Cuvette-Ouest'),
(502, 'CG', '7280295', 'Pointe-Noire'),
(503, 'CH', 'AG', 'Aargau'),
(504, 'CH', 'AI', 'Appenzell Innerrhoden'),
(505, 'CH', 'AR', 'Appenzell Ausserrhoden'),
(506, 'CH', 'BE', 'Bern'),
(507, 'CH', 'BL', 'Basel-Landschaft'),
(508, 'CH', 'BS', 'Basel-City'),
(509, 'CH', 'FR', 'Fribourg'),
(510, 'CH', 'GE', 'Geneva'),
(511, 'CH', 'GL', 'Glarus'),
(512, 'CH', 'GR', 'Grisons'),
(513, 'CH', 'JU', 'Jura'),
(514, 'CH', 'LU', 'Lucerne'),
(515, 'CH', 'NE', 'Neuchatel'),
(516, 'CH', 'NW', 'Nidwalden'),
(517, 'CH', 'OW', 'Obwalden'),
(518, 'CH', 'SG', 'Saint Gallen'),
(519, 'CH', 'SH', 'Schaffhausen'),
(520, 'CH', 'SO', 'Solothurn'),
(521, 'CH', 'SZ', 'Schwyz'),
(522, 'CH', 'TG', 'Thurgau'),
(523, 'CH', 'TI', 'Ticino'),
(524, 'CH', 'UR', 'Uri'),
(525, 'CH', 'VD', 'Vaud'),
(526, 'CH', 'VS', 'Valais'),
(527, 'CH', 'ZG', 'Zug'),
(528, 'CH', 'ZH', 'Zurich'),
(529, 'CI', '74', 'Agneby'),
(530, 'CI', '75', 'Bafing'),
(531, 'CI', '76', 'Bas-Sassandra'),
(532, 'CI', '77', 'Denguele'),
(533, 'CI', '78', 'Dix-Huit Montagnes'),
(534, 'CI', '79', 'Fromager'),
(535, 'CI', '80', 'Haut-Sassandra'),
(536, 'CI', '81', 'Lacs'),
(537, 'CI', '82', 'Lagunes'),
(538, 'CI', '83', 'Marahoue'),
(539, 'CI', '84', 'Moyen-Cavally'),
(540, 'CI', '85', 'Moyen-Comoe'),
(541, 'CI', '86', 'N''zi-Comoe'),
(542, 'CI', '87', 'Savanes'),
(543, 'CI', '88', 'Sud-Bandama'),
(544, 'CI', '89', 'Sud-Comoe'),
(545, 'CI', '90', 'Vallee du Bandama'),
(546, 'CI', '91', 'Worodougou'),
(547, 'CI', '92', 'Zanzan'),
(548, 'CK', '00', 'N/A'),
(549, 'CL', '01', 'Valparaiso'),
(550, 'CL', '02', 'Aisen'),
(551, 'CL', '03', 'Antofagasta'),
(552, 'CL', '04', 'Araucania'),
(553, 'CL', '05', 'Atacama'),
(554, 'CL', '06', 'Biobio'),
(555, 'CL', '07', 'Coquimbo'),
(556, 'CL', '08', 'O''Higgins'),
(557, 'CL', '10', 'Magallanes'),
(558, 'CL', '11', 'Maule'),
(559, 'CL', '12', 'Santiago Metropolitan'),
(560, 'CL', '14', 'Los Lagos'),
(561, 'CL', '15', 'Tarapaca'),
(562, 'CL', '16', 'Arica y Parinacota'),
(563, 'CL', '17', 'Los Rios'),
(564, 'CM', '04', 'East'),
(565, 'CM', '05', 'Littoral'),
(566, 'CM', '07', 'North-West Province'),
(567, 'CM', '08', 'West'),
(568, 'CM', '09', 'South-West Province'),
(569, 'CM', '10', 'Adamaoua'),
(570, 'CM', '11', 'Centre'),
(571, 'CM', '12', 'Far North'),
(572, 'CM', '13', 'North Province'),
(573, 'CM', '14', 'South Province'),
(574, 'CN', '01', 'Anhui Sheng'),
(575, 'CN', '02', 'Zhejiang Sheng'),
(576, 'CN', '03', 'Jiangxi Sheng'),
(577, 'CN', '04', 'Jiangsu Sheng'),
(578, 'CN', '05', 'Jilin Sheng'),
(579, 'CN', '06', 'Qinghai Sheng'),
(580, 'CN', '07', 'Fujian'),
(581, 'CN', '08', 'Heilongjiang Sheng'),
(582, 'CN', '09', 'Henan Sheng'),
(583, 'CN', '10', 'Hebei'),
(584, 'CN', '11', 'Hunan'),
(585, 'CN', '12', 'Hubei'),
(586, 'CN', '13', 'Xinjiang Uygur Zizhiqu'),
(587, 'CN', '14', 'Tibet Autonomous Region'),
(588, 'CN', '15', 'Gansu Sheng'),
(589, 'CN', '16', 'Guangxi Zhuangzu Zizhiqu'),
(590, 'CN', '18', 'Guizhou Sheng'),
(591, 'CN', '19', 'Liaoning'),
(592, 'CN', '20', 'Inner Mongolia'),
(593, 'CN', '21', 'Ningxia Huizu Zizhiqu'),
(594, 'CN', '22', 'Beijing'),
(595, 'CN', '23', 'Shanghai Shi'),
(596, 'CN', '24', 'Shanxi Sheng'),
(597, 'CN', '25', 'Shandong Sheng'),
(598, 'CN', '26', 'Shaanxi'),
(599, 'CN', '28', 'Tianjin Shi'),
(600, 'CN', '29', 'Yunnan'),
(601, 'CN', '30', 'Guangdong'),
(602, 'CN', '31', 'Hainan'),
(603, 'CN', '32', 'Sichuan'),
(604, 'CN', '33', 'Chongqing Shi'),
(605, 'CO', '01', 'Amazonas'),
(606, 'CO', '02', 'Antioquia'),
(607, 'CO', '03', 'Arauca'),
(608, 'CO', '04', 'Atlantico'),
(609, 'CO', '08', 'Caqueta'),
(610, 'CO', '09', 'Cauca'),
(611, 'CO', '10', 'Cesar'),
(612, 'CO', '11', 'Choco'),
(613, 'CO', '12', 'Cordoba'),
(614, 'CO', '14', 'Guaviare'),
(615, 'CO', '15', 'Guainia'),
(616, 'CO', '16', 'Huila'),
(617, 'CO', '17', 'La Guajira'),
(618, 'CO', '19', 'Meta'),
(619, 'CO', '20', 'Narino'),
(620, 'CO', '21', 'Norte de Santander'),
(621, 'CO', '22', 'Putumayo'),
(622, 'CO', '23', 'Quindio'),
(623, 'CO', '24', 'Risaralda'),
(624, 'CO', '25', 'Archipielago de San Andres, Providencia y Santa Catalina'),
(625, 'CO', '26', 'Santander'),
(626, 'CO', '27', 'Sucre'),
(627, 'CO', '28', 'Tolima'),
(628, 'CO', '29', 'Valle del Cauca'),
(629, 'CO', '30', 'Vaupes'),
(630, 'CO', '31', 'Vichada'),
(631, 'CO', '32', 'Casanare'),
(632, 'CO', '33', 'Cundinamarca'),
(633, 'CO', '34', 'C'),
(634, 'CO', '35', 'Bolivar'),
(635, 'CO', '36', 'Boyaca'),
(636, 'CO', '37', 'Caldas'),
(637, 'CO', '38', 'Magdalena'),
(638, 'CR', '01', 'Alajuela'),
(639, 'CR', '02', 'Cartago'),
(640, 'CR', '03', 'Guanacaste'),
(641, 'CR', '04', 'Heredia'),
(642, 'CR', '06', 'Limon'),
(643, 'CR', '07', 'Puntarenas'),
(644, 'CR', '08', 'San Jose'),
(645, 'CU', '01', 'Pinar del Rio'),
(646, 'CU', '02', 'La Habana'),
(647, 'CU', '03', 'Matanzas'),
(648, 'CU', '04', 'Isla de la Juventud'),
(649, 'CU', '05', 'Camaguey'),
(650, 'CU', '07', 'Ciego de Avila'),
(651, 'CU', '08', 'Cienfuegos'),
(652, 'CU', '09', 'Granma'),
(653, 'CU', '10', 'Guantanamo'),
(654, 'CU', '12', 'Holguin'),
(655, 'CU', '13', 'Las Tunas'),
(656, 'CU', '14', 'Sancti Spiritus'),
(657, 'CU', '15', 'Santiago de Cuba'),
(658, 'CU', '16', 'Villa Clara'),
(659, 'CU', 'AR', 'Artemisa'),
(660, 'CU', 'MA', 'Mayabeque'),
(661, 'CV', '01', 'Boa Vista'),
(662, 'CV', '02', 'Brava'),
(663, 'CV', '04', 'Maio'),
(664, 'CV', '05', 'Paul'),
(665, 'CV', '07', 'Ribeira Grande'),
(666, 'CV', '08', 'Sal'),
(667, 'CV', '11', 'Sao Vicente'),
(668, 'CV', '13', 'Mosteiros'),
(669, 'CV', '14', 'Praia'),
(670, 'CV', '15', 'Santa Catarina'),
(671, 'CV', '16', 'Santa Cruz'),
(672, 'CV', '17', 'Sao Domingos'),
(673, 'CV', '18', 'Sao Filipe'),
(674, 'CV', '19', 'Sao Miguel'),
(675, 'CV', '20', 'Tarrafal'),
(676, 'CV', '21', 'Porto Novo'),
(677, 'CV', '22', 'Ribeira Brava'),
(678, 'CV', '23', 'Ribeira Grande de Santiago'),
(679, 'CV', '24', 'Santa Catarina do Fogo'),
(680, 'CV', '25', 'Sao Lourenco dos Orgaos'),
(681, 'CV', '26', 'Sao Salvador do Mundo'),
(682, 'CV', '27', 'Tarrafal de Sao Nicolau'),
(683, 'CW', '00', 'N/A'),
(684, 'CX', '00', 'N/A'),
(685, 'CY', '01', 'Ammochostos'),
(686, 'CY', '02', 'Keryneia'),
(687, 'CY', '03', 'Larnaka'),
(688, 'CY', '04', 'Lefkosia'),
(689, 'CY', '05', 'Limassol'),
(690, 'CY', '06', 'Pafos'),
(691, 'CZ', '52', 'Praha'),
(692, 'CZ', '78', 'South Moravian'),
(693, 'CZ', '79', 'Jihocesky'),
(694, 'CZ', '80', 'Vysocina'),
(695, 'CZ', '81', 'Karlovarsky'),
(696, 'CZ', '82', 'Kralovehradecky'),
(697, 'CZ', '83', 'Liberecky'),
(698, 'CZ', '84', 'Olomoucky'),
(699, 'CZ', '85', 'Moravskoslezsky'),
(700, 'CZ', '86', 'Pardubicky'),
(701, 'CZ', '87', 'Plzensky'),
(702, 'CZ', '88', 'Central Bohemia'),
(703, 'CZ', '89', 'Ustecky'),
(704, 'CZ', '90', 'Zlin'),
(705, 'DE', '01', 'Baden-Wuerttemberg'),
(706, 'DE', '02', 'Bavaria'),
(707, 'DE', '03', 'Bremen'),
(708, 'DE', '04', 'Hamburg'),
(709, 'DE', '05', 'Hesse'),
(710, 'DE', '06', 'Lower Saxony'),
(711, 'DE', '07', 'North Rhine-Westphalia'),
(712, 'DE', '08', 'Rheinland-Pfalz'),
(713, 'DE', '09', 'Saarland'),
(714, 'DE', '10', 'Schleswig-Holstein'),
(715, 'DE', '11', 'Brandenburg'),
(716, 'DE', '12', 'Mecklenburg-Vorpommern'),
(717, 'DE', '13', 'Saxony'),
(718, 'DE', '14', 'Saxony-Anhalt'),
(719, 'DE', '15', 'Thuringia'),
(720, 'DE', '16', 'Berlin'),
(721, 'DJ', '01', 'Ali Sabieh'),
(722, 'DJ', '04', 'Obock'),
(723, 'DJ', '05', 'Tadjourah'),
(724, 'DJ', '06', 'Dikhil'),
(725, 'DJ', '07', 'Djibouti'),
(726, 'DJ', '08', 'Arta'),
(727, 'DK', '17', 'Capital Region'),
(728, 'DK', '18', 'Central Jutland'),
(729, 'DK', '19', 'North Denmark'),
(730, 'DK', '20', 'Zealand'),
(731, 'DK', '21', 'South Denmark'),
(732, 'DM', '02', 'Saint Andrew'),
(733, 'DM', '03', 'Saint David'),
(734, 'DM', '04', 'Saint George'),
(735, 'DM', '05', 'Saint John'),
(736, 'DM', '06', 'Saint Joseph'),
(737, 'DM', '07', 'Saint Luke'),
(738, 'DM', '08', 'Saint Mark'),
(739, 'DM', '09', 'Saint Patrick'),
(740, 'DM', '10', 'Saint Paul'),
(741, 'DM', '11', 'Saint Peter'),
(742, 'DO', '01', 'Azua'),
(743, 'DO', '02', 'Baoruco'),
(744, 'DO', '03', 'Barahona'),
(745, 'DO', '04', 'Dajabon'),
(746, 'DO', '06', 'Duarte'),
(747, 'DO', '08', 'Espaillat'),
(748, 'DO', '09', 'Independencia'),
(749, 'DO', '10', 'La Altagracia'),
(750, 'DO', '11', 'Elias Pina'),
(751, 'DO', '12', 'La Romana'),
(752, 'DO', '14', 'Maria Trinidad Sanchez'),
(753, 'DO', '15', 'Monte Cristi'),
(754, 'DO', '16', 'Pedernales'),
(755, 'DO', '18', 'Puerto Plata'),
(756, 'DO', '19', 'Hermanas Mirabal'),
(757, 'DO', '20', 'Samana'),
(758, 'DO', '21', 'Sanchez Ramirez'),
(759, 'DO', '23', 'San Juan'),
(760, 'DO', '24', 'San Pedro de Macoris'),
(761, 'DO', '25', 'Santiago'),
(762, 'DO', '26', 'Santiago Rodriguez'),
(763, 'DO', '27', 'Valverde'),
(764, 'DO', '28', 'El Seibo'),
(765, 'DO', '29', 'Hato Mayor'),
(766, 'DO', '30', 'La Vega'),
(767, 'DO', '31', 'Monsenor Nouel'),
(768, 'DO', '32', 'Monte Plata'),
(769, 'DO', '33', 'San Cristobal'),
(770, 'DO', '34', 'Nacional'),
(771, 'DO', '35', 'Peravia'),
(772, 'DO', '36', 'San Jose de Ocoa'),
(773, 'DO', '37', 'Santo Domingo'),
(774, 'DZ', '01', 'Alger'),
(775, 'DZ', '03', 'Batna'),
(776, 'DZ', '04', 'Constantine'),
(777, 'DZ', '06', 'Medea'),
(778, 'DZ', '07', 'Mostaganem'),
(779, 'DZ', '09', 'Oran'),
(780, 'DZ', '10', 'Saida'),
(781, 'DZ', '12', 'Setif'),
(782, 'DZ', '13', 'Tiaret'),
(783, 'DZ', '14', 'Tizi Ouzou'),
(784, 'DZ', '15', 'Tlemcen'),
(785, 'DZ', '18', 'Bejaia'),
(786, 'DZ', '19', 'Biskra'),
(787, 'DZ', '20', 'Blida'),
(788, 'DZ', '21', 'Bouira'),
(789, 'DZ', '22', 'Djelfa'),
(790, 'DZ', '23', 'Guelma'),
(791, 'DZ', '24', 'Jijel'),
(792, 'DZ', '25', 'Laghouat'),
(793, 'DZ', '26', 'Mascara'),
(794, 'DZ', '27', 'Wilaya de M''Sila'),
(795, 'DZ', '29', 'Oum el Bouaghi'),
(796, 'DZ', '30', 'Sidi Bel Abbes'),
(797, 'DZ', '31', 'Skikda'),
(798, 'DZ', '33', 'Tebessa'),
(799, 'DZ', '34', 'Adrar'),
(800, 'DZ', '35', 'Ain Defla'),
(801, 'DZ', '36', 'Ain Temouchent'),
(802, 'DZ', '37', 'Annaba'),
(803, 'DZ', '38', 'Bechar'),
(804, 'DZ', '39', 'Bordj Bou Arreridj'),
(805, 'DZ', '40', 'Boumerdes'),
(806, 'DZ', '41', 'Chlef'),
(807, 'DZ', '42', 'El Bayadh'),
(808, 'DZ', '43', 'El Oued'),
(809, 'DZ', '44', 'El Tarf'),
(810, 'DZ', '45', 'Ghardaia'),
(811, 'DZ', '46', 'Illizi'),
(812, 'DZ', '47', 'Khenchela'),
(813, 'DZ', '48', 'Mila'),
(814, 'DZ', '49', 'Wilaya de Naama'),
(815, 'DZ', '5', 'Tamanghasset'),
(816, 'DZ', '50', 'Ouargla'),
(817, 'DZ', '51', 'Relizane'),
(818, 'DZ', '52', 'Souk Ahras'),
(819, 'DZ', '54', 'Tindouf'),
(820, 'DZ', '55', 'Tipaza'),
(821, 'DZ', '56', 'Tissemsilt'),
(822, 'EC', '01', 'Galapagos'),
(823, 'EC', '02', 'Azuay'),
(824, 'EC', '03', 'Bolivar'),
(825, 'EC', '04', 'Canar'),
(826, 'EC', '05', 'Carchi'),
(827, 'EC', '06', 'Chimborazo'),
(828, 'EC', '07', 'Cotopaxi'),
(829, 'EC', '08', 'El Oro'),
(830, 'EC', '09', 'Esmeraldas'),
(831, 'EC', '10', 'Guayas'),
(832, 'EC', '11', 'Imbabura'),
(833, 'EC', '12', 'Loja'),
(834, 'EC', '13', 'Los Rios'),
(835, 'EC', '14', 'Manabi'),
(836, 'EC', '15', 'Morona-Santiago'),
(837, 'EC', '17', 'Pastaza'),
(838, 'EC', '18', 'Pichincha'),
(839, 'EC', '19', 'Tungurahua'),
(840, 'EC', '20', 'Zamora-Chinchipe'),
(841, 'EC', '22', 'Sucumbios'),
(842, 'EC', '23', 'Napo'),
(843, 'EC', '24', 'Orellana'),
(844, 'EC', '25', 'Santa Elena'),
(845, 'EC', '26', 'Santo Domingo de los Tsachilas'),
(846, 'EE', '01', 'Harju'),
(847, 'EE', '02', 'Hiiumaa'),
(848, 'EE', '03', 'Ida-Virumaa'),
(849, 'EE', '04', 'Jaervamaa'),
(850, 'EE', '05', 'Jogevamaa'),
(851, 'EE', '07', 'Laeaene'),
(852, 'EE', '08', 'Laeaene-Virumaa'),
(853, 'EE', '11', 'Paernumaa'),
(854, 'EE', '12', 'Polvamaa'),
(855, 'EE', '13', 'Raplamaa'),
(856, 'EE', '14', 'Saare'),
(857, 'EE', '18', 'Tartu'),
(858, 'EE', '19', 'Valgamaa'),
(859, 'EE', '20', 'Viljandimaa'),
(860, 'EE', '21', 'Vorumaa'),
(861, 'EG', '01', 'Muhafazat ad Daqahliyah'),
(862, 'EG', '02', 'Red Sea'),
(863, 'EG', '03', 'Al Buhayrah'),
(864, 'EG', '04', 'Muhafazat al Fayyum'),
(865, 'EG', '05', 'Muhafazat al Gharbiyah'),
(866, 'EG', '06', 'Alexandria'),
(867, 'EG', '07', 'Al Isma''iliyah'),
(868, 'EG', '08', 'Al Jizah'),
(869, 'EG', '09', 'Muhafazat al Minufiyah'),
(870, 'EG', '10', 'Al Minya'),
(871, 'EG', '11', 'Muhafazat al Qahirah'),
(872, 'EG', '12', 'Muhafazat al Qalyubiyah'),
(873, 'EG', '13', 'Muhafazat al Wadi al Jadid'),
(874, 'EG', '14', 'Eastern Province'),
(875, 'EG', '15', 'As Suways'),
(876, 'EG', '16', 'Aswan'),
(877, 'EG', '17', 'Asyut'),
(878, 'EG', '18', 'Muhafazat Bani Suwayf'),
(879, 'EG', '19', 'Muhafazat Bur Sa`id'),
(880, 'EG', '20', 'Dumyat'),
(881, 'EG', '21', 'Kafr ash Shaykh'),
(882, 'EG', '22', 'Muhafazat Matruh'),
(883, 'EG', '23', 'Qina'),
(884, 'EG', '24', 'Suhaj'),
(885, 'EG', '26', 'South Sinai'),
(886, 'EG', '27', 'Muhafazat Shamal Sina'''),
(887, 'EG', '28', 'Luxor'),
(888, 'EH', 'CE', 'Oued Ed-Dahab-Lagouira'),
(889, 'ER', '01', 'Anseba'),
(890, 'ER', '02', 'Debub'),
(891, 'ER', '03', 'Southern Red Sea Region'),
(892, 'ER', '04', 'Gash Barka'),
(893, 'ER', '05', 'Maekel Region'),
(894, 'ER', '06', 'Northern Red Sea Region'),
(895, 'ES', '07', 'Balearic Islands'),
(896, 'ES', '27', 'La Rioja'),
(897, 'ES', '29', 'Madrid'),
(898, 'ES', '31', 'Murcia'),
(899, 'ES', '32', 'Navarre'),
(900, 'ES', '34', 'Asturias'),
(901, 'ES', '39', 'Cantabria'),
(902, 'ES', '51', 'Andalusia'),
(903, 'ES', '52', 'Aragon'),
(904, 'ES', '53', 'Canary Islands'),
(905, 'ES', '54', 'Castille-La Mancha'),
(906, 'ES', '55', 'Castille and Leon'),
(907, 'ES', '56', 'Catalonia'),
(908, 'ES', '57', 'Extremadura'),
(909, 'ES', '58', 'Galicia'),
(910, 'ES', '59', 'Basque Country'),
(911, 'ES', '60', 'Valencia'),
(912, 'ES', 'CE', 'Ceuta'),
(913, 'ES', 'ML', 'Melilla'),
(914, 'ET', '44', 'Adis Abeba'),
(915, 'ET', '45', 'Afar'),
(916, 'ET', '46', 'Amhara'),
(917, 'ET', '47', 'Binshangul Gumuz'),
(918, 'ET', '48', 'Dire Dawa'),
(919, 'ET', '49', 'Gambela'),
(920, 'ET', '50', 'Harari'),
(921, 'ET', '51', 'Oromiya'),
(922, 'ET', '52', 'Somali'),
(923, 'ET', '53', 'Tigray'),
(924, 'ET', '54', 'Southern Nations, Nationalities, and People''s Region'),
(925, 'FI', '01', 'Uusimaa'),
(926, 'FI', '02', 'Varsinais-Suomi'),
(927, 'FI', '04', 'Satakunta'),
(928, 'FI', '05', 'Haeme'),
(929, 'FI', '06', 'Pirkanmaa'),
(930, 'FI', '07', 'Paijanne Tavastia'),
(931, 'FI', '08', 'Kymenlaakso'),
(932, 'FI', '09', 'South Karelia'),
(933, 'FI', '10', 'Southern Savonia'),
(934, 'FI', '11', 'Northern Savo'),
(935, 'FI', '12', 'North Karelia'),
(936, 'FI', '13', 'Central Finland'),
(937, 'FI', '14', 'Southern Ostrobothnia'),
(938, 'FI', '15', 'Ostrobothnia'),
(939, 'FI', '16', 'Central Ostrobothnia'),
(940, 'FI', '17', 'Northern Ostrobothnia'),
(941, 'FI', '18', 'Kainuu'),
(942, 'FI', '19', 'Lapland'),
(943, 'FJ', '01', 'Central'),
(944, 'FJ', '02', 'Eastern'),
(945, 'FJ', '03', 'Northern'),
(946, 'FJ', '04', 'Rotuma'),
(947, 'FJ', '05', 'Western'),
(948, 'FJ', '8617786', 'Kadavu'),
(949, 'FK', '00', 'N/A'),
(950, 'FM', '01', 'Kosrae'),
(951, 'FM', '02', 'Pohnpei'),
(952, 'FM', '03', 'Chuuk'),
(953, 'FM', '04', 'Yap'),
(954, 'FO', 'NO', 'Nordoyar'),
(955, 'FO', 'OS', 'Eysturoy'),
(956, 'FO', 'SA', 'Sandoy'),
(957, 'FO', 'ST', 'Streymoy'),
(958, 'FO', 'SU', 'Suduroy'),
(959, 'FO', 'VG', 'Vagar'),
(960, 'FR', '97', 'Aquitaine'),
(961, 'FR', '98', 'Auvergne'),
(962, 'FR', '99', 'Lower Normandy'),
(963, 'FR', 'A1', 'Bourgogne'),
(964, 'FR', 'A2', 'Brittany'),
(965, 'FR', 'A3', 'Centre'),
(966, 'FR', 'A4', 'Champagne-Ardenne'),
(967, 'FR', 'A5', 'Corsica'),
(968, 'FR', 'A6', 'Franche-Comte'),
(969, 'FR', 'A7', 'Haute-Normandie'),
(970, 'FR', 'A8', 'Ile-de-France'),
(971, 'FR', 'A9', 'Languedoc-Roussillon'),
(972, 'FR', 'B1', 'Limousin'),
(973, 'FR', 'B2', 'Lorraine'),
(974, 'FR', 'B3', 'Midi-Pyrenees'),
(975, 'FR', 'B4', 'Nord-Pas-de-Calais'),
(976, 'FR', 'B5', 'Pays de la Loire'),
(977, 'FR', 'B6', 'Picardie'),
(978, 'FR', 'B7', 'Poitou-Charentes'),
(979, 'FR', 'B8', 'Provence-Alpes-Cote d''Azur'),
(980, 'FR', 'B9', 'Rhone-Alpes'),
(981, 'FR', 'C1', 'Alsace'),
(982, 'GA', '01', 'Estuaire'),
(983, 'GA', '02', 'Haut-Ogooue'),
(984, 'GA', '03', 'Moyen-Ogooue'),
(985, 'GA', '04', 'Ngounie'),
(986, 'GA', '05', 'Nyanga'),
(987, 'GA', '06', 'Ogooue-Ivindo'),
(988, 'GA', '07', 'Ogooue-Lolo'),
(989, 'GA', '08', 'Ogooue-Maritime'),
(990, 'GA', '09', 'Woleu-Ntem'),
(991, 'GB', 'ENG', 'England'),
(992, 'GB', 'NIR', 'Northern Ireland'),
(993, 'GB', 'SCT', 'Scotland'),
(994, 'GB', 'WLS', 'Wales'),
(995, 'GD', '01', 'Saint Andrew'),
(996, 'GD', '02', 'Saint David'),
(997, 'GD', '03', 'Saint George'),
(998, 'GD', '04', 'Saint John'),
(999, 'GD', '05', 'Saint Mark'),
(1000, 'GD', '06', 'Saint Patrick'),
(1001, 'GD', '10', 'Carriacou and Petite Martinique'),
(1002, 'GE', '02', 'Abkhazia'),
(1003, 'GE', '04', 'Ajaria'),
(1004, 'GE', '51', 'T''bilisi'),
(1005, 'GE', '65', 'Guria'),
(1006, 'GE', '66', 'Imereti'),
(1007, 'GE', '67', 'Kakheti'),
(1008, 'GE', '68', 'Kvemo Kartli'),
(1009, 'GE', '69', 'Mtskheta-Mtianeti'),
(1010, 'GE', '70', 'Racha-Lechkhumi and Kvemo Svaneti'),
(1011, 'GE', '71', 'Samegrelo and Zemo Svaneti'),
(1012, 'GE', '72', 'Samtskhe-Javakheti'),
(1013, 'GE', '73', 'Shida Kartli'),
(1014, 'GF', 'GF', 'Guyane'),
(1015, 'GG', '6417213', 'St Pierre du Bois'),
(1016, 'GG', '6417214', 'Torteval'),
(1017, 'GG', '6417215', 'Saint Saviour'),
(1018, 'GG', '6417223', 'Forest'),
(1019, 'GG', '6417224', 'St Martin'),
(1020, 'GG', '6417226', 'Saint Andrew'),
(1021, 'GG', '6417228', 'St Peter Port'),
(1022, 'GG', '6417229', 'Castel'),
(1023, 'GG', '6417230', 'Vale'),
(1024, 'GG', '6417233', 'St Sampson'),
(1025, 'GG', '8989934', 'Alderney'),
(1026, 'GH', '01', 'Greater Accra'),
(1027, 'GH', '02', 'Ashanti'),
(1028, 'GH', '03', 'Brong-Ahafo'),
(1029, 'GH', '04', 'Central'),
(1030, 'GH', '05', 'Eastern'),
(1031, 'GH', '06', 'Northern'),
(1032, 'GH', '08', 'Volta'),
(1033, 'GH', '09', 'Western'),
(1034, 'GH', '10', 'Upper East'),
(1035, 'GH', '11', 'Upper West'),
(1036, 'GI', '00', 'N/A'),
(1037, 'GL', '04', 'Kujalleq'),
(1038, 'GL', '05', 'Qaasuitsup'),
(1039, 'GL', '06', 'Qeqqata'),
(1040, 'GL', '07', 'Sermersooq'),
(1041, 'GM', '01', 'Banjul'),
(1042, 'GM', '02', 'Lower River'),
(1043, 'GM', '03', 'Central River'),
(1044, 'GM', '04', 'Upper River'),
(1045, 'GM', '05', 'Western'),
(1046, 'GM', '07', 'North Bank'),
(1047, 'GN', '04', 'Conakry'),
(1048, 'GN', 'B', 'Boke'),
(1049, 'GN', 'D', 'Kindia'),
(1050, 'GN', 'F', 'Faranah'),
(1051, 'GN', 'K', 'Kankan'),
(1052, 'GN', 'L', 'Labe'),
(1053, 'GN', 'M', 'Mamou'),
(1054, 'GN', 'N', 'Nzerekore'),
(1055, 'GP', 'GP', 'Guadeloupe'),
(1056, 'GQ', '03', 'Annobon'),
(1057, 'GQ', '04', 'Bioko Norte'),
(1058, 'GQ', '05', 'Bioko Sur'),
(1059, 'GQ', '06', 'Centro Sur'),
(1060, 'GQ', '07', 'Kie-Ntem'),
(1061, 'GQ', '08', 'Litoral'),
(1062, 'GQ', '09', 'Wele-Nzas'),
(1063, 'GR', '736572', 'Mount Athos'),
(1064, 'GR', 'ESYE11', 'East Macedonia and Thrace'),
(1065, 'GR', 'ESYE12', 'Central Macedonia'),
(1066, 'GR', 'ESYE13', 'West Macedonia'),
(1067, 'GR', 'ESYE14', 'Thessaly'),
(1068, 'GR', 'ESYE21', 'Epirus'),
(1069, 'GR', 'ESYE22', 'Ionian Islands'),
(1070, 'GR', 'ESYE23', 'West Greece'),
(1071, 'GR', 'ESYE24', 'Central Greece'),
(1072, 'GR', 'ESYE25', 'Peloponnese'),
(1073, 'GR', 'ESYE31', 'Attica'),
(1074, 'GR', 'ESYE41', 'North Aegean'),
(1075, 'GR', 'ESYE42', 'South Aegean'),
(1076, 'GR', 'ESYE43', 'Crete'),
(1077, 'GS', '00', 'N/A'),
(1078, 'GT', '01', 'Alta Verapaz'),
(1079, 'GT', '02', 'Baja Verapaz'),
(1080, 'GT', '03', 'Chimaltenango'),
(1081, 'GT', '04', 'Chiquimula'),
(1082, 'GT', '05', 'El Progreso'),
(1083, 'GT', '06', 'Escuintla'),
(1084, 'GT', '07', 'Guatemala'),
(1085, 'GT', '08', 'Huehuetenango'),
(1086, 'GT', '09', 'Izabal'),
(1087, 'GT', '10', 'Jalapa'),
(1088, 'GT', '11', 'Jutiapa'),
(1089, 'GT', '12', 'Peten'),
(1090, 'GT', '13', 'Quetzaltenango'),
(1091, 'GT', '14', 'Quiche'),
(1092, 'GT', '15', 'Retalhuleu'),
(1093, 'GT', '16', 'Sacatepequez'),
(1094, 'GT', '17', 'San Marcos'),
(1095, 'GT', '18', 'Santa Rosa'),
(1096, 'GT', '19', 'Solola'),
(1097, 'GT', '20', 'Suchitepeque'),
(1098, 'GT', '21', 'Totonicapan'),
(1099, 'GT', '22', 'Zacapa'),
(1100, 'GU', 'AH', 'Agana Heights'),
(1101, 'GU', 'AN', 'Hagatna'),
(1102, 'GU', 'AS', 'Asan'),
(1103, 'GU', 'AT', 'Agat'),
(1104, 'GU', 'BA', 'Barrigada'),
(1105, 'GU', 'CP', 'Chalan Pago-Ordot'),
(1106, 'GU', 'DD', 'Dededo'),
(1107, 'GU', 'IN', 'Inarajan'),
(1108, 'GU', 'MA', 'Mangilao'),
(1109, 'GU', 'ME', 'Merizo'),
(1110, 'GU', 'MT', 'Mongmong-Toto-Maite'),
(1111, 'GU', 'PI', 'Piti'),
(1112, 'GU', 'SJ', 'Sinajana'),
(1113, 'GU', 'SR', 'Santa Rita'),
(1114, 'GU', 'TF', 'Talofofo'),
(1115, 'GU', 'TM', 'Tamuning'),
(1116, 'GU', 'UM', 'Umatac'),
(1117, 'GU', 'YG', 'Yigo'),
(1118, 'GU', 'YN', 'Yona'),
(1119, 'GW', '01', 'Bafata'),
(1120, 'GW', '02', 'Quinara'),
(1121, 'GW', '04', 'Oio'),
(1122, 'GW', '05', 'Bolama and Bijagos'),
(1123, 'GW', '06', 'Cacheu'),
(1124, 'GW', '07', 'Tombali'),
(1125, 'GW', '10', 'Gabu'),
(1126, 'GW', '11', 'Bissau'),
(1127, 'GW', '12', 'Biombo'),
(1128, 'GY', '10', 'Barima-Waini'),
(1129, 'GY', '11', 'Cuyuni-Mazaruni'),
(1130, 'GY', '12', 'Demerara-Mahaica'),
(1131, 'GY', '13', 'East Berbice-Corentyne'),
(1132, 'GY', '14', 'Essequibo Islands-West Demerara'),
(1133, 'GY', '15', 'Mahaica-Berbice'),
(1134, 'GY', '16', 'Pomeroon-Supenaam'),
(1135, 'GY', '17', 'Potaro-Siparuni'),
(1136, 'GY', '18', 'Upper Demerara-Berbice'),
(1137, 'GY', '19', 'Upper Takutu-Upper Essequibo'),
(1138, 'HK', 'HCW', 'Central and Western'),
(1139, 'HK', 'HEA', 'Eastern'),
(1140, 'HK', 'HSO', 'Southern'),
(1141, 'HK', 'HWC', 'Wanchai'),
(1142, 'HK', 'KKC', 'Kowloon City'),
(1143, 'HK', 'KKT', 'Kwon Tong'),
(1144, 'HK', 'KSS', 'Sham Shui Po'),
(1145, 'HK', 'KWT', 'Wong Tai Sin'),
(1146, 'HK', 'KYT', 'Yau Tsim Mong'),
(1147, 'HK', 'NIS', 'Islands'),
(1148, 'HK', 'NKT', 'Kwai Tsing'),
(1149, 'HK', 'NNO', 'North'),
(1150, 'HK', 'NSK', 'Sai Kung'),
(1151, 'HK', 'NST', 'Sha Tin'),
(1152, 'HK', 'NTM', 'Tuen Mun'),
(1153, 'HK', 'NTP', 'Tai Po'),
(1154, 'HK', 'NTW', 'Tsuen Wan'),
(1155, 'HK', 'NYL', 'Yuen Long'),
(1156, 'HN', '01', 'Atlantida'),
(1157, 'HN', '02', 'Choluteca'),
(1158, 'HN', '03', 'Colon'),
(1159, 'HN', '04', 'Comayagua'),
(1160, 'HN', '05', 'Copan'),
(1161, 'HN', '06', 'Cortes'),
(1162, 'HN', '07', 'El Paraiso'),
(1163, 'HN', '08', 'Francisco Morazan'),
(1164, 'HN', '09', 'Gracias a Dios'),
(1165, 'HN', '10', 'Intibuca'),
(1166, 'HN', '11', 'Bay Islands'),
(1167, 'HN', '12', 'La Paz'),
(1168, 'HN', '13', 'Lempira'),
(1169, 'HN', '14', 'Ocotepeque'),
(1170, 'HN', '15', 'Olancho'),
(1171, 'HN', '16', 'Santa Barbara'),
(1172, 'HN', '17', 'Valle'),
(1173, 'HN', '18', 'Yoro'),
(1174, 'HR', '01', 'Bjelovarsko-Bilogorska'),
(1175, 'HR', '02', 'Brodsko-Posavska'),
(1176, 'HR', '03', 'Dubrovacko-Neretvanska'),
(1177, 'HR', '04', 'Istarska'),
(1178, 'HR', '05', 'Karlovacka'),
(1179, 'HR', '06', 'Koprivnicko-Krizevacka'),
(1180, 'HR', '07', 'Krapinsko-Zagorska'),
(1181, 'HR', '08', 'Licko-Senjska'),
(1182, 'HR', '09', 'Medimurska'),
(1183, 'HR', '10', 'Osjecko-Baranjska'),
(1184, 'HR', '11', 'Pozesko-Slavonska'),
(1185, 'HR', '12', 'Primorsko-Goranska'),
(1186, 'HR', '13', 'Sibensko-Kniniska'),
(1187, 'HR', '14', 'Sisacko-Moslavacka'),
(1188, 'HR', '15', 'Splitsko-Dalmatinska'),
(1189, 'HR', '16', 'Varazdinska'),
(1190, 'HR', '17', 'Virovitick-Podravska'),
(1191, 'HR', '18', 'Vukovarsko-Srijemska'),
(1192, 'HR', '19', 'Zadarska'),
(1193, 'HR', '20', 'Zagrebacka'),
(1194, 'HR', '21', 'Grad Zagreb'),
(1195, 'HT', '03', 'Nord-Ouest'),
(1196, 'HT', '06', 'Artibonite'),
(1197, 'HT', '07', 'Centre'),
(1198, 'HT', '09', 'Nord'),
(1199, 'HT', '10', 'Nord-Est'),
(1200, 'HT', '11', 'Ouest'),
(1201, 'HT', '12', 'Sud'),
(1202, 'HT', '13', 'Sud-Est'),
(1203, 'HT', '14', 'Grandans'),
(1204, 'HT', '15', 'Nippes'),
(1205, 'HU', '01', 'Bacs-Kiskun'),
(1206, 'HU', '02', 'Baranya'),
(1207, 'HU', '03', 'Bekes'),
(1208, 'HU', '04', 'Borsod-Abauj-Zemplen'),
(1209, 'HU', '05', 'Budapest'),
(1210, 'HU', '06', 'Csongrad'),
(1211, 'HU', '08', 'Fejer'),
(1212, 'HU', '09', 'Gyor-Moson-Sopron'),
(1213, 'HU', '10', 'Hajdu-Bihar'),
(1214, 'HU', '11', 'Heves'),
(1215, 'HU', '12', 'Komarom-Esztergom'),
(1216, 'HU', '14', 'Nograd'),
(1217, 'HU', '16', 'Pest'),
(1218, 'HU', '17', 'Somogy'),
(1219, 'HU', '18', 'Szabolcs-Szatmar-Bereg'),
(1220, 'HU', '20', 'Jasz-Nagykun-Szolnok'),
(1221, 'HU', '21', 'Tolna'),
(1222, 'HU', '22', 'Vas'),
(1223, 'HU', '23', 'Veszprem'),
(1224, 'HU', '24', 'Zala'),
(1225, 'ID', '01', 'Aceh'),
(1226, 'ID', '02', 'Bali'),
(1227, 'ID', '03', 'Bengkulu'),
(1228, 'ID', '04', 'Jakarta Raya'),
(1229, 'ID', '05', 'Jambi'),
(1230, 'ID', '07', 'Central Java'),
(1231, 'ID', '08', 'East Java'),
(1232, 'ID', '10', 'Daerah Istimewa Yogyakarta'),
(1233, 'ID', '11', 'West Kalimantan'),
(1234, 'ID', '12', 'South Kalimantan'),
(1235, 'ID', '13', 'Central Kalimantan'),
(1236, 'ID', '14', 'East Kalimantan'),
(1237, 'ID', '15', 'Lampung'),
(1238, 'ID', '17', 'West Nusa Tenggara'),
(1239, 'ID', '18', 'East Nusa Tenggara'),
(1240, 'ID', '21', 'Central Sulawesi'),
(1241, 'ID', '22', 'Sulawesi Tenggara'),
(1242, 'ID', '24', 'West Sumatra'),
(1243, 'ID', '26', 'North Sumatra'),
(1244, 'ID', '28', 'Maluku'),
(1245, 'ID', '29', 'Maluku Utara'),
(1246, 'ID', '30', 'West Java'),
(1247, 'ID', '31', 'North Sulawesi'),
(1248, 'ID', '32', 'South Sumatra'),
(1249, 'ID', '33', 'Banten'),
(1250, 'ID', '34', 'Gorontalo'),
(1251, 'ID', '35', 'Bangka-Belitung Islands'),
(1252, 'ID', '36', 'Papua'),
(1253, 'ID', '37', 'Riau'),
(1254, 'ID', '38', 'South Sulawesi'),
(1255, 'ID', '39', 'West Papua'),
(1256, 'ID', '40', 'Riau Islands'),
(1257, 'ID', '41', 'Sulawesi Barat'),
(1258, 'ID', '42', 'North Kalimantan'),
(1259, 'IE', 'C', 'Connaught'),
(1260, 'IE', 'L', 'Leinster'),
(1261, 'IE', 'M', 'Munster'),
(1262, 'IE', 'U', 'Ulster'),
(1263, 'IL', '01', 'Southern District'),
(1264, 'IL', '02', 'Central District'),
(1265, 'IL', '03', 'Northern District'),
(1266, 'IL', '04', 'Haifa'),
(1267, 'IL', '05', 'Tel Aviv'),
(1268, 'IL', '06', 'Jerusalem'),
(1269, 'IM', '9782164', 'Andreas'),
(1270, 'IM', '9782165', 'Arbory'),
(1271, 'IM', '9782166', 'Ballaugh'),
(1272, 'IM', '9782167', 'Braddan'),
(1273, 'IM', '9782168', 'Bride'),
(1274, 'IM', '9782169', 'Castletown'),
(1275, 'IM', '9782170', 'Douglas'),
(1276, 'IM', '9782171', 'German'),
(1277, 'IM', '9782172', 'Jurby'),
(1278, 'IM', '9782173', 'Laxey'),
(1279, 'IM', '9782176', 'Lezayre'),
(1280, 'IM', '9782180', 'Lonan'),
(1281, 'IM', '9782182', 'Malew'),
(1282, 'IM', '9782183', 'Marown'),
(1283, 'IM', '9782184', 'Maughold'),
(1284, 'IM', '9782185', 'Michael'),
(1285, 'IM', '9782186', 'Onchan'),
(1286, 'IM', '9782187', 'Patrick'),
(1287, 'IM', '9782188', 'Peel'),
(1288, 'IM', '9782189', 'Port Erin'),
(1289, 'IM', '9782190', 'Port St Mary'),
(1290, 'IM', '9782191', 'Ramsey'),
(1291, 'IM', '9782192', 'Rushen'),
(1292, 'IM', '9782193', 'Santon'),
(1293, 'IN', '01', 'Andaman and Nicobar Islands'),
(1294, 'IN', '02', 'Andhra Pradesh'),
(1295, 'IN', '03', 'Assam'),
(1296, 'IN', '05', 'Chandigarh'),
(1297, 'IN', '06', 'Dadra and Nagar Haveli'),
(1298, 'IN', '07', 'New Delhi (NCR/NCT)'),
(1299, 'IN', '09', 'Gujarat'),
(1300, 'IN', '10', 'Haryana'),
(1301, 'IN', '11', 'Himachal Pradesh'),
(1302, 'IN', '12', 'Kashmir'),
(1303, 'IN', '13', 'Kerala'),
(1304, 'IN', '16', 'Maharashtra'),
(1305, 'IN', '17', 'Manipur'),
(1306, 'IN', '18', 'Meghalaya'),
(1307, 'IN', '19', 'Karnataka'),
(1308, 'IN', '20', 'Nagaland'),
(1309, 'IN', '21', 'Odisha'),
(1310, 'IN', '22', 'Union Territory of Pondicherry'),
(1311, 'IN', '23', 'Punjab'),
(1312, 'IN', '24', 'Rajasthan'),
(1313, 'IN', '25', 'Tamil Nadu'),
(1314, 'IN', '26', 'Tripura'),
(1315, 'IN', '28', 'West Bengal'),
(1316, 'IN', '29', 'Sikkim'),
(1317, 'IN', '30', 'Arunachal Pradesh'),
(1318, 'IN', '31', 'Mizoram'),
(1319, 'IN', '32', 'Daman and Diu'),
(1320, 'IN', '33', 'Goa'),
(1321, 'IN', '34', 'Bihar'),
(1322, 'IN', '35', 'Madhya Pradesh'),
(1323, 'IN', '36', 'Uttar Pradesh'),
(1324, 'IN', '37', 'Chhattisgarh'),
(1325, 'IN', '38', 'Jharkhand'),
(1326, 'IN', '39', 'Uttarakhand'),
(1327, 'IN', '40', 'Telangana'),
(1328, 'IO', '00', 'N/A'),
(1329, 'IQ', '01', 'Anbar'),
(1330, 'IQ', '02', 'Muhafazat al Basrah'),
(1331, 'IQ', '03', 'Al Muthanna'),
(1332, 'IQ', '04', 'Al Qadisiyah'),
(1333, 'IQ', '05', 'As Sulaymaniyah'),
(1334, 'IQ', '06', 'Babil'),
(1335, 'IQ', '07', 'Mayorality of Baghdad'),
(1336, 'IQ', '08', 'Dahuk'),
(1337, 'IQ', '09', 'Dhi Qar'),
(1338, 'IQ', '10', 'Diyala'),
(1339, 'IQ', '11', 'Arbil'),
(1340, 'IQ', '12', 'Muhafazat Karbala'''),
(1341, 'IQ', '13', 'Muhafazat Kirkuk'),
(1342, 'IQ', '14', 'Maysan'),
(1343, 'IQ', '15', 'Ninawa'),
(1344, 'IQ', '16', 'Wasit'),
(1345, 'IQ', '17', 'An Najaf'),
(1346, 'IQ', '18', 'Salah ad Din'),
(1347, 'IR', '01', 'Azarbayjan-e Gharbi'),
(1348, 'IR', '03', 'Chahar Mahall va Bakhtiari'),
(1349, 'IR', '04', 'Sistan and Baluchestan'),
(1350, 'IR', '05', 'Kohgiluyeh va Buyer Ahmad'),
(1351, 'IR', '07', 'Fars'),
(1352, 'IR', '08', 'Gilan'),
(1353, 'IR', '09', 'Hamadan'),
(1354, 'IR', '10', 'Ilam'),
(1355, 'IR', '11', 'Hormozgan'),
(1356, 'IR', '13', 'Kermanshah'),
(1357, 'IR', '15', 'Khuzestan'),
(1358, 'IR', '16', 'Kordestan'),
(1359, 'IR', '22', 'Bushehr'),
(1360, 'IR', '23', 'Lorestan'),
(1361, 'IR', '25', 'Semnan'),
(1362, 'IR', '26', 'Tehran'),
(1363, 'IR', '28', 'Isfahan'),
(1364, 'IR', '29', 'Kerman'),
(1365, 'IR', '32', 'Ardabil'),
(1366, 'IR', '33', 'East Azerbaijan'),
(1367, 'IR', '34', 'Markazi'),
(1368, 'IR', '35', 'Mazandaran'),
(1369, 'IR', '36', 'Zanjan'),
(1370, 'IR', '37', 'Golestan'),
(1371, 'IR', '38', 'Qazvin'),
(1372, 'IR', '39', 'Qom'),
(1373, 'IR', '40', 'Yazd'),
(1374, 'IR', '41', 'Khorasan-e Jonubi'),
(1375, 'IR', '42', 'Razavi Khorasan'),
(1376, 'IR', '43', 'Khorasan-e Shomali'),
(1377, 'IR', '44', 'Alborz'),
(1378, 'IS', '38', 'East'),
(1379, 'IS', '39', 'Capital Region'),
(1380, 'IS', '40', 'Northeast'),
(1381, 'IS', '41', 'Northwest'),
(1382, 'IS', '42', 'South'),
(1383, 'IS', '43', 'Southern Peninsula'),
(1384, 'IS', '44', 'Westfjords'),
(1385, 'IS', '45', 'West'),
(1386, 'IT', '01', 'Abruzzo'),
(1387, 'IT', '02', 'Basilicate'),
(1388, 'IT', '03', 'Calabria'),
(1389, 'IT', '04', 'Campania'),
(1390, 'IT', '05', 'Emilia-Romagna'),
(1391, 'IT', '06', 'Friuli Venezia Giulia'),
(1392, 'IT', '07', 'Latium'),
(1393, 'IT', '08', 'Liguria'),
(1394, 'IT', '09', 'Lombardy'),
(1395, 'IT', '10', 'The Marches'),
(1396, 'IT', '11', 'Molise'),
(1397, 'IT', '12', 'Piedmont'),
(1398, 'IT', '13', 'Apulia'),
(1399, 'IT', '14', 'Sardinia'),
(1400, 'IT', '15', 'Sicily'),
(1401, 'IT', '16', 'Tuscany'),
(1402, 'IT', '17', 'Trentino-Alto Adige'),
(1403, 'IT', '18', 'Umbria'),
(1404, 'IT', '19', 'Aosta Valley'),
(1405, 'IT', '20', 'Veneto'),
(1406, 'JE', '3237072', 'St Clement'),
(1407, 'JE', '3237073', 'St Saviour'),
(1408, 'JE', '3237200', ' Brelade'),
(1409, 'JE', '3237203', 'Grouville'),
(1410, 'JE', '3237212', 'St Mary'),
(1411, 'JE', '3237214', 'St Lawrence'),
(1412, 'JE', '3237221', 'St Peter'),
(1413, 'JE', '3237229', 'St Ouen'),
(1414, 'JE', '3237497', 'St John'),
(1415, 'JE', '3237530', 'Trinity'),
(1416, 'JE', '3237716', 'St Martin'),
(1417, 'JE', '3237864', 'St Helier'),
(1418, 'JM', '01', 'Clarendon'),
(1419, 'JM', '02', 'Hanover'),
(1420, 'JM', '04', 'Manchester'),
(1421, 'JM', '07', 'Portland'),
(1422, 'JM', '08', 'Saint Andrew'),
(1423, 'JM', '09', 'Saint Ann'),
(1424, 'JM', '10', 'Saint Catherine'),
(1425, 'JM', '11', ' Elizabeth'),
(1426, 'JM', '12', 'Saint James'),
(1427, 'JM', '13', 'Saint Mary'),
(1428, 'JM', '14', 'Saint Thomas'),
(1429, 'JM', '15', 'Trelawny'),
(1430, 'JM', '16', 'Westmoreland'),
(1431, 'JM', '17', 'Kingston'),
(1432, 'JO', '02', 'Balqa'),
(1433, 'JO', '09', 'Karak'),
(1434, 'JO', '12', 'Tafielah'),
(1435, 'JO', '15', 'Mafraq'),
(1436, 'JO', '16', 'Amman'),
(1437, 'JO', '17', 'Zarqa'),
(1438, 'JO', '18', 'Irbid'),
(1439, 'JO', '19', 'Ma''an'),
(1440, 'JO', '20', 'Ajlun'),
(1441, 'JO', '21', 'Aqaba'),
(1442, 'JO', '22', 'Jerash'),
(1443, 'JO', '23', 'Madaba'),
(1444, 'JP', '01', 'Aichi'),
(1445, 'JP', '02', 'Akita'),
(1446, 'JP', '03', 'Aomori'),
(1447, 'JP', '04', 'Chiba'),
(1448, 'JP', '05', 'Ehime'),
(1449, 'JP', '06', 'Fukui'),
(1450, 'JP', '07', 'Fukuoka'),
(1451, 'JP', '08', 'Fukushima'),
(1452, 'JP', '09', 'Gifu'),
(1453, 'JP', '10', 'Gunma'),
(1454, 'JP', '11', 'Hiroshima'),
(1455, 'JP', '12', 'Hokkaido'),
(1456, 'JP', '13', 'Hyogo'),
(1457, 'JP', '14', 'Ibaraki'),
(1458, 'JP', '15', 'Ishikawa'),
(1459, 'JP', '16', 'Iwate'),
(1460, 'JP', '17', 'Kagawa'),
(1461, 'JP', '18', 'Kagoshima'),
(1462, 'JP', '19', 'Kanagawa'),
(1463, 'JP', '20', 'Kochi'),
(1464, 'JP', '21', 'Kumamoto'),
(1465, 'JP', '22', 'Kyoto'),
(1466, 'JP', '23', 'Mie'),
(1467, 'JP', '24', 'Miyagi'),
(1468, 'JP', '25', 'Miyazaki'),
(1469, 'JP', '26', 'Nagano'),
(1470, 'JP', '27', 'Nagasaki'),
(1471, 'JP', '28', 'Nara'),
(1472, 'JP', '29', 'Niigata'),
(1473, 'JP', '30', 'Oita'),
(1474, 'JP', '31', 'Okayama'),
(1475, 'JP', '32', 'Osaka'),
(1476, 'JP', '33', 'Saga Prefecture'),
(1477, 'JP', '34', 'Saitama'),
(1478, 'JP', '35', 'Shiga Prefecture'),
(1479, 'JP', '36', 'Shimane'),
(1480, 'JP', '37', 'Shizuoka'),
(1481, 'JP', '38', 'Tochigi'),
(1482, 'JP', '39', 'Tokushima'),
(1483, 'JP', '40', 'Tokyo'),
(1484, 'JP', '41', 'Tottori'),
(1485, 'JP', '42', 'Toyama'),
(1486, 'JP', '43', 'Wakayama'),
(1487, 'JP', '44', 'Yamagata'),
(1488, 'JP', '45', 'Yamaguchi'),
(1489, 'JP', '46', 'Yamanashi'),
(1490, 'JP', '47', 'Okinawa'),
(1491, 'KE', '05', 'Nairobi Area'),
(1492, 'KE', '08', 'Keiyo'),
(1493, 'KE', '10', 'Baringo'),
(1494, 'KE', '11', 'Bomet'),
(1495, 'KE', '12', 'Bungoma'),
(1496, 'KE', '13', 'Busia'),
(1497, 'KE', '14', 'Marakwet District'),
(1498, 'KE', '15', 'Embu'),
(1499, 'KE', '16', 'Garissa'),
(1500, 'KE', '17', 'Homa Bay'),
(1501, 'KE', '18', 'Isiolo'),
(1502, 'KE', '19', 'Kajiado'),
(1503, 'KE', '20', 'Kakamega'),
(1504, 'KE', '21', 'Kericho'),
(1505, 'KE', '22', 'Kiambu'),
(1506, 'KE', '23', 'Kilifi'),
(1507, 'KE', '24', 'Kirinyaga'),
(1508, 'KE', '25', 'Kisii'),
(1509, 'KE', '26', 'Kisumu'),
(1510, 'KE', '27', 'Kitui'),
(1511, 'KE', '28', 'Kwale'),
(1512, 'KE', '29', 'Laikipia'),
(1513, 'KE', '30', 'Lamu'),
(1514, 'KE', '31', 'Machakos'),
(1515, 'KE', '32', 'Makueni'),
(1516, 'KE', '33', 'Mandera'),
(1517, 'KE', '34', 'Marsabit'),
(1518, 'KE', '35', 'Meru'),
(1519, 'KE', '36', 'Migori'),
(1520, 'KE', '37', 'Mombasa'),
(1521, 'KE', '38', 'Murang''a District'),
(1522, 'KE', '39', 'Nakuru'),
(1523, 'KE', '40', 'Nandi'),
(1524, 'KE', '41', 'Narok'),
(1525, 'KE', '42', 'Nyamira District'),
(1526, 'KE', '43', 'Nyandarua'),
(1527, 'KE', '44', 'Nyeri'),
(1528, 'KE', '45', 'Samburu'),
(1529, 'KE', '46', 'Siaya'),
(1530, 'KE', '47', 'Taita Taveta'),
(1531, 'KE', '48', 'Tana River'),
(1532, 'KE', '49', 'Tharaka District'),
(1533, 'KE', '50', 'Trans Nzoia'),
(1534, 'KE', '51', 'Turkana'),
(1535, 'KE', '52', 'Uasin Gishu'),
(1536, 'KE', '53', 'Vihiga'),
(1537, 'KE', '54', 'Wajir'),
(1538, 'KE', '55', 'West Pokot'),
(1539, 'KG', '01', 'Bishkek'),
(1540, 'KG', '02', 'Chuy'),
(1541, 'KG', '03', 'Jalal-Abad'),
(1542, 'KG', '04', 'Naryn'),
(1543, 'KG', '06', 'Talas'),
(1544, 'KG', '07', 'Ysyk-Koel'),
(1545, 'KG', '08', 'Osh'),
(1546, 'KG', '09', 'Batken'),
(1547, 'KH', '02', 'Kampong Cham'),
(1548, 'KH', '03', 'Kampong Chhnang'),
(1549, 'KH', '04', 'Kampong Speu'),
(1550, 'KH', '05', 'Kampong Thom'),
(1551, 'KH', '07', 'Kandal'),
(1552, 'KH', '08', 'Koh Kong'),
(1553, 'KH', '09', 'Kratie'),
(1554, 'KH', '10', 'Mondolkiri'),
(1555, 'KH', '12', 'Pursat'),
(1556, 'KH', '13', 'Preah Vihear'),
(1557, 'KH', '14', 'Prey Veng'),
(1558, 'KH', '17', 'Stung Treng'),
(1559, 'KH', '18', 'Svay Rieng'),
(1560, 'KH', '19', 'Takeo'),
(1561, 'KH', '21', 'Kampot'),
(1562, 'KH', '22', 'Phnom Penh'),
(1563, 'KH', '23', 'Ratanakiri'),
(1564, 'KH', '24', 'Siem Reap'),
(1565, 'KH', '25', 'Banteay Meanchey'),
(1566, 'KH', '26', 'Kep'),
(1567, 'KH', '27', 'Otar Meanchey'),
(1568, 'KH', '28', 'Preah Sihanouk'),
(1569, 'KH', '29', 'Battambang'),
(1570, 'KH', '30', 'Pailin'),
(1571, 'KI', '01', 'Gilbert Islands'),
(1572, 'KI', '02', 'Line Islands'),
(1573, 'KI', '03', 'Phoenix Islands'),
(1574, 'KM', '01', 'Anjouan'),
(1575, 'KM', '02', 'Grande Comore'),
(1576, 'KM', '03', 'Moheli'),
(1577, 'KN', '01', 'Christ Church Nichola Town'),
(1578, 'KN', '02', 'Saint Anne Sandy Point'),
(1579, 'KN', '03', 'Saint George Basseterre'),
(1580, 'KN', '04', 'Saint George Gingerland'),
(1581, 'KN', '05', 'Saint James Windwa'),
(1582, 'KN', '06', 'Saint John Capesterre'),
(1583, 'KN', '07', 'Saint John Figtree'),
(1584, 'KN', '08', 'Saint Mary Cayon'),
(1585, 'KN', '09', 'Saint Paul Capesterre'),
(1586, 'KN', '10', 'Saint Paul Charlestown'),
(1587, 'KN', '11', 'Saint Peter Basseterre'),
(1588, 'KN', '12', 'Saint Thomas Lowland'),
(1589, 'KN', '13', 'Saint Thomas Middle Island'),
(1590, 'KN', '15', 'Trinity Palmetto Point'),
(1591, 'KP', '01', 'Chagang-do'),
(1592, 'KP', '03', 'Hamgyong-namdo'),
(1593, 'KP', '06', 'Hwanghae-namdo'),
(1594, 'KP', '07', 'Hwanghae-bukto'),
(1595, 'KP', '09', 'Kangwon-do'),
(1596, 'KP', '11', 'P''yongan-bukto'),
(1597, 'KP', '12', 'Pyongyang'),
(1598, 'KP', '13', 'Yanggang-do'),
(1599, 'KP', '15', 'P''yongan-namdo'),
(1600, 'KP', '17', 'Hamgyong-bukto');
INSERT INTO `states` (`id`, `country_code`, `state_code`, `state_name`) VALUES
(1601, 'KP', '18', 'Rason'),
(1602, 'KR', '01', 'Jeju-do'),
(1603, 'KR', '03', 'Jeollabuk-do'),
(1604, 'KR', '05', 'Chungcheongbuk-do'),
(1605, 'KR', '06', 'Gangwon-do'),
(1606, 'KR', '10', 'Busan'),
(1607, 'KR', '11', 'Seoul'),
(1608, 'KR', '12', 'Incheon'),
(1609, 'KR', '13', 'Gyeonggi-do'),
(1610, 'KR', '14', 'Gyeongsangbuk-do'),
(1611, 'KR', '15', 'Daegu'),
(1612, 'KR', '16', 'Jeollanam-do'),
(1613, 'KR', '17', 'Chungcheongnam-do'),
(1614, 'KR', '18', 'Gwangju'),
(1615, 'KR', '19', 'Daejeon'),
(1616, 'KR', '20', 'Gyeongsangnam-do'),
(1617, 'KR', '21', 'Ulsan'),
(1618, 'KR', '22', 'Sejong-si'),
(1619, 'KW', '02', 'Al Asimah'),
(1620, 'KW', '04', 'Al Ahmadi'),
(1621, 'KW', '05', 'Muhafazat al Jahra'''),
(1622, 'KW', '07', 'Al Farwaniyah'),
(1623, 'KW', '08', 'Muhafazat Hawalli'),
(1624, 'KW', '09', 'Mubarak al Kabir'),
(1625, 'KY', '00', 'N/A'),
(1626, 'KZ', '01', 'Almaty Oblysy'),
(1627, 'KZ', '02', 'Almaty Qalasy'),
(1628, 'KZ', '03', 'Aqmola'),
(1629, 'KZ', '04', 'Aqtoebe'),
(1630, 'KZ', '05', 'Astana Qalasy'),
(1631, 'KZ', '06', 'Atyrau'),
(1632, 'KZ', '07', 'Batys Qazaqstan'),
(1633, 'KZ', '08', 'Bayqongyr Qalasy'),
(1634, 'KZ', '09', 'Mangghystau'),
(1635, 'KZ', '10', 'Ongtustik Qazaqstan'),
(1636, 'KZ', '11', 'Pavlodar'),
(1637, 'KZ', '12', 'Qaraghandy'),
(1638, 'KZ', '13', 'Qostanay'),
(1639, 'KZ', '14', 'Qyzylorda'),
(1640, 'KZ', '15', 'East Kazakhstan'),
(1641, 'KZ', '16', 'Soltustik Qazaqstan'),
(1642, 'KZ', '17', 'Zhambyl'),
(1643, 'LA', '01', 'Attapu'),
(1644, 'LA', '02', 'Champasak'),
(1645, 'LA', '03', 'Houaphan'),
(1646, 'LA', '07', 'Oudomxai'),
(1647, 'LA', '13', 'Xiagnabouli'),
(1648, 'LA', '14', 'Xiangkhoang'),
(1649, 'LA', '15', 'Khammouan'),
(1650, 'LA', '16', 'Loungnamtha'),
(1651, 'LA', '17', 'Louangphabang'),
(1652, 'LA', '18', 'Phongsali'),
(1653, 'LA', '19', 'Salavan'),
(1654, 'LA', '20', 'Savannahkhet'),
(1655, 'LA', '22', 'Bokeo'),
(1656, 'LA', '23', 'Bolikhamxai'),
(1657, 'LA', '24', 'Vientiane'),
(1658, 'LA', '26', 'Xekong'),
(1659, 'LA', '27', 'Vientiane'),
(1660, 'LB', '04', 'Beyrouth'),
(1661, 'LB', '05', 'Mont-Liban'),
(1662, 'LB', '06', 'Liban-Sud'),
(1663, 'LB', '07', 'Nabatiye'),
(1664, 'LB', '08', 'Beqaa'),
(1665, 'LB', '09', 'Liban-Nord'),
(1666, 'LB', '10', 'Aakkar'),
(1667, 'LB', '11', 'Baalbek-Hermel'),
(1668, 'LC', '01', 'Anse-la-Raye'),
(1669, 'LC', '02', 'Dauphin'),
(1670, 'LC', '03', 'Castries Quarter'),
(1671, 'LC', '04', 'Choiseul Quarter'),
(1672, 'LC', '05', 'Dennery Quarter'),
(1673, 'LC', '06', 'Gros-Islet'),
(1674, 'LC', '07', 'Laborie Quarter'),
(1675, 'LC', '08', 'Micoud Quarter'),
(1676, 'LC', '09', 'Soufriere'),
(1677, 'LC', '10', 'Vieux-Fort'),
(1678, 'LC', '11', 'Praslin'),
(1679, 'LI', '01', 'Balzers'),
(1680, 'LI', '02', 'Eschen'),
(1681, 'LI', '03', 'Gamprin'),
(1682, 'LI', '04', 'Mauren'),
(1683, 'LI', '05', 'Planken'),
(1684, 'LI', '06', 'Ruggell'),
(1685, 'LI', '07', 'Schaan'),
(1686, 'LI', '08', 'Schellenberg'),
(1687, 'LI', '09', 'Triesen'),
(1688, 'LI', '10', 'Triesenberg'),
(1689, 'LI', '11', 'Vaduz'),
(1690, 'LK', '29', 'Central'),
(1691, 'LK', '30', 'North Central'),
(1692, 'LK', '32', 'North Western'),
(1693, 'LK', '33', 'Sabaragamuwa'),
(1694, 'LK', '34', 'Southern'),
(1695, 'LK', '35', 'Uva'),
(1696, 'LK', '36', 'Western'),
(1697, 'LK', '37', 'Eastern Province'),
(1698, 'LK', '38', 'Northern Province'),
(1699, 'LR', '01', 'Bong'),
(1700, 'LR', '09', 'Nimba'),
(1701, 'LR', '10', 'Sinoe'),
(1702, 'LR', '11', 'Grand Bassa'),
(1703, 'LR', '12', 'Grand Cape Mount'),
(1704, 'LR', '13', 'Maryland'),
(1705, 'LR', '14', 'Montserrado'),
(1706, 'LR', '15', 'Bomi'),
(1707, 'LR', '16', 'Grand Kru'),
(1708, 'LR', '17', 'Margibi'),
(1709, 'LR', '18', 'River Cess'),
(1710, 'LR', '19', 'Grand Gedeh'),
(1711, 'LR', '20', 'Lofa'),
(1712, 'LR', '21', 'Gbarpolu'),
(1713, 'LR', '22', 'River Gee'),
(1714, 'LS', '10', 'Berea'),
(1715, 'LS', '11', 'Butha-Buthe'),
(1716, 'LS', '12', 'Leribe'),
(1717, 'LS', '13', 'Mafeteng'),
(1718, 'LS', '14', 'Maseru'),
(1719, 'LS', '15', 'Mohale''s Hoek District'),
(1720, 'LS', '16', 'Mokhotlong'),
(1721, 'LS', '17', 'Qacha''s Nek'),
(1722, 'LS', '18', 'Quthing'),
(1723, 'LS', '19', 'Thaba-Tseka'),
(1724, 'LT', '56', 'Alytaus apskritis'),
(1725, 'LT', '57', 'Kauno apskritis'),
(1726, 'LT', '58', 'Klaipedos apskritis'),
(1727, 'LT', '59', 'Marijampoles apskritis'),
(1728, 'LT', '60', 'Panevezys'),
(1729, 'LT', '61', 'Siauliu apskritis'),
(1730, 'LT', '62', 'Taurages apskritis'),
(1731, 'LT', '63', 'Telsiu apskritis'),
(1732, 'LT', '64', 'Utenos apskritis'),
(1733, 'LT', '65', 'Vilnius County'),
(1734, 'LU', '01', 'Diekirch'),
(1735, 'LU', '02', 'Grevenmacher'),
(1736, 'LU', '03', 'Luxembourg'),
(1737, 'LV', '01', 'Aizkraukles Rajons'),
(1738, 'LV', '02', 'Aluksnes Rajons'),
(1739, 'LV', '03', 'Balvu Rajons'),
(1740, 'LV', '04', 'Bauskas Rajons'),
(1741, 'LV', '05', 'Cesu Rajons'),
(1742, 'LV', '06', 'Daugavpils'),
(1743, 'LV', '07', 'Daugavpils'),
(1744, 'LV', '08', 'Dobeles Rajons'),
(1745, 'LV', '09', 'Gulbenes Rajons'),
(1746, 'LV', '10', 'Jekabpils Rajons'),
(1747, 'LV', '11', 'Jelgava'),
(1748, 'LV', '12', 'Jelgavas Rajons'),
(1749, 'LV', '13', 'Jurmala'),
(1750, 'LV', '14', 'Kraslavas Rajons'),
(1751, 'LV', '15', 'Kuldigas Rajons'),
(1752, 'LV', '16', 'Liepaja'),
(1753, 'LV', '18', 'Limbazu Rajons'),
(1754, 'LV', '19', 'Ludzas Rajons'),
(1755, 'LV', '20', 'Madonas Rajons'),
(1756, 'LV', '21', 'Ogre'),
(1757, 'LV', '22', 'Preilu Rajons'),
(1758, 'LV', '23', 'Rezekne'),
(1759, 'LV', '24', 'Rezeknes Rajons'),
(1760, 'LV', '25', 'Riga'),
(1761, 'LV', '27', 'Saldus Rajons'),
(1762, 'LV', '28', 'Talsu Rajons'),
(1763, 'LV', '29', 'Tukuma Rajons'),
(1764, 'LV', '30', 'Valkas Rajons'),
(1765, 'LV', '31', 'Valmieras Rajons'),
(1766, 'LV', '32', 'Ventspils'),
(1767, 'LV', '33', 'Ventspils Rajons'),
(1768, 'LV', '34', 'Adazi'),
(1769, 'LV', '35', 'Aglona'),
(1770, 'LV', '37', 'Aizpute'),
(1771, 'LV', '38', 'Akniste'),
(1772, 'LV', '39', 'Aloja'),
(1773, 'LV', '40', 'Alsunga'),
(1774, 'LV', '42', 'Amatas Novads'),
(1775, 'LV', '43', 'Apes Novads'),
(1776, 'LV', '44', 'Auces Novads'),
(1777, 'LV', '45', 'Babite'),
(1778, 'LV', '46', 'Baldone'),
(1779, 'LV', '47', 'Baltinava'),
(1780, 'LV', '50', 'Beverina'),
(1781, 'LV', '51', 'Broceni'),
(1782, 'LV', '52', 'Burtnieki'),
(1783, 'LV', '53', 'Carnikava'),
(1784, 'LV', '55', 'Cesvaine'),
(1785, 'LV', '56', 'Cibla'),
(1786, 'LV', '57', 'Dagda'),
(1787, 'LV', '60', 'Dundaga'),
(1788, 'LV', '61', 'Durbe'),
(1789, 'LV', '62', 'Engure'),
(1790, 'LV', '63', 'Ergli'),
(1791, 'LV', '64', 'Garkalne'),
(1792, 'LV', '65', 'Grobina'),
(1793, 'LV', '67', 'Lecava'),
(1794, 'LV', '68', 'Ikskile'),
(1795, 'LV', '69', 'Ilukste'),
(1796, 'LV', '70', 'Incukalns'),
(1797, 'LV', '71', 'Jaunjelgava'),
(1798, 'LV', '72', 'Jaunpiebalga'),
(1799, 'LV', '73', 'Jaunpils'),
(1800, 'LV', '74', 'Jekabpils'),
(1801, 'LV', '77', 'Kandava'),
(1802, 'LV', '78', 'Karsava'),
(1803, 'LV', '79', 'Kegums'),
(1804, 'LV', '80', 'Kekava'),
(1805, 'LV', '81', 'Koceni'),
(1806, 'LV', '82', 'Koknese'),
(1807, 'LV', '84', 'Krimulda'),
(1808, 'LV', '85', 'Krustpils'),
(1809, 'LV', '87', 'Lielvarde'),
(1810, 'LV', '88', 'Ligatne'),
(1811, 'LV', '90', 'Livani'),
(1812, 'LV', '91', 'Lubana'),
(1813, 'LV', '94', 'Malpils'),
(1814, 'LV', '95', 'Marupe'),
(1815, 'LV', '96', 'Mazsalaca'),
(1816, 'LV', '97', 'Naukseni'),
(1817, 'LV', '98', 'Nereta'),
(1818, 'LV', '99', 'Nica'),
(1819, 'LV', 'A2', 'Olaine'),
(1820, 'LV', 'A3', 'Ozolnieku'),
(1821, 'LV', 'A4', 'Pargaujas'),
(1822, 'LV', 'A5', 'Pavilostas'),
(1823, 'LV', 'A6', 'Plavinu'),
(1824, 'LV', 'A8', 'Priekule'),
(1825, 'LV', 'A9', 'Priekuli'),
(1826, 'LV', 'B1', 'Raunas'),
(1827, 'LV', 'B3', 'Riebinu'),
(1828, 'LV', 'B4', 'Rojas'),
(1829, 'LV', 'B5', 'Ropazu'),
(1830, 'LV', 'B6', 'Rucavas'),
(1831, 'LV', 'B7', 'Rugaju'),
(1832, 'LV', 'B8', 'Rujienas'),
(1833, 'LV', 'B9', 'Rundales'),
(1834, 'LV', 'C1', 'Salacgrivas'),
(1835, 'LV', 'C2', 'Salas'),
(1836, 'LV', 'C3', 'Salaspils'),
(1837, 'LV', 'C5', 'Saulkrastu'),
(1838, 'LV', 'C6', 'Seja'),
(1839, 'LV', 'C7', 'Sigulda'),
(1840, 'LV', 'C8', 'Skriveri'),
(1841, 'LV', 'C9', 'Skrunda'),
(1842, 'LV', 'D1', 'Smiltene'),
(1843, 'LV', 'D2', 'Stopini'),
(1844, 'LV', 'D3', 'Strenci'),
(1845, 'LV', 'D5', 'Tervete'),
(1846, 'LV', 'D7', 'Vainode'),
(1847, 'LV', 'E1', 'Varaklani'),
(1848, 'LV', 'E2', 'Varkava'),
(1849, 'LV', 'E3', 'Vecpiebalga'),
(1850, 'LV', 'E4', 'Vecumnieki'),
(1851, 'LV', 'E6', 'Viesite'),
(1852, 'LV', 'E7', 'Vilaka'),
(1853, 'LV', 'E8', 'Vilanu'),
(1854, 'LV', 'E9', 'Zilupes'),
(1855, 'LV', 'F1', 'Mesraga'),
(1856, 'LY', '63', 'Al Jabal al Akhdar'),
(1857, 'LY', '64', 'Al Jufrah'),
(1858, 'LY', '65', 'Al Kufrah'),
(1859, 'LY', '66', 'Al Marj'),
(1860, 'LY', '67', 'An Nuqat al Khams'),
(1861, 'LY', '68', 'Az Zawiyah'),
(1862, 'LY', '69', 'Banghazi'),
(1863, 'LY', '70', 'Darnah'),
(1864, 'LY', '71', 'Sha`biyat Ghat'),
(1865, 'LY', '72', 'Misratah'),
(1866, 'LY', '73', 'Murzuq'),
(1867, 'LY', '74', 'Sha`biyat Nalut'),
(1868, 'LY', '75', 'Sabha'),
(1869, 'LY', '76', 'Surt'),
(1870, 'LY', '77', 'Tripoli'),
(1871, 'LY', '78', 'Sha`biyat Wadi ash Shati'''),
(1872, 'LY', '79', 'Sha`biyat al Butnan'),
(1873, 'LY', '80', 'Sha`biyat al Jabal al Gharbi'),
(1874, 'LY', '81', 'Sha`biyat al Jafarah'),
(1875, 'LY', '82', 'Al Marqab'),
(1876, 'LY', '83', 'Sha`biyat al Wahat'),
(1877, 'LY', '84', 'Sha`biyat Wadi al Hayat'),
(1878, 'MA', '45', 'Grand Casablanca'),
(1879, 'MA', '46', 'Fes-Boulemane'),
(1880, 'MA', '47', 'Marrakech-Tensift-Al Haouz'),
(1881, 'MA', '48', 'Meknes-Tafilalet'),
(1882, 'MA', '49', 'Rabat-Sale-Zemmour-Zaer'),
(1883, 'MA', '50', 'Chaouia-Ouardigha'),
(1884, 'MA', '51', 'Doukkala-Abda'),
(1885, 'MA', '52', 'Gharb-Chrarda-Beni Hssen'),
(1886, 'MA', '53', 'Guelmim-Es Smara'),
(1887, 'MA', '54', 'Oriental'),
(1888, 'MA', '55', 'Souss-Massa-Draa'),
(1889, 'MA', '56', 'Tadla-Azilal'),
(1890, 'MA', '57', 'Tanger-Tetouan'),
(1891, 'MA', '58', 'Taza-Al Hoceima-Taounate'),
(1892, 'MA', '59', 'Laayoune-Boujdour-Sakia El Hamra'),
(1893, 'MA', 'EH', 'Oued ed Dahab-Lagouira'),
(1894, 'MC', '00', 'Commune de Monaco'),
(1895, 'MD', '51', 'Gagauzia'),
(1896, 'MD', '57', 'Chisinau'),
(1897, 'MD', '58', 'Stinga Nistrului'),
(1898, 'MD', '59', 'Anenii Noi'),
(1899, 'MD', '60', 'Balti'),
(1900, 'MD', '61', 'Basarabeasca'),
(1901, 'MD', '62', 'Bender'),
(1902, 'MD', '63', 'Briceni'),
(1903, 'MD', '64', 'Cahul'),
(1904, 'MD', '65', 'Cantemir'),
(1905, 'MD', '66', 'Calarasi'),
(1906, 'MD', '67', 'Causeni'),
(1907, 'MD', '68', 'Cimislia'),
(1908, 'MD', '69', 'Criuleni'),
(1909, 'MD', '70', 'Donduseni'),
(1910, 'MD', '71', 'Drochia'),
(1911, 'MD', '72', 'Dubasari'),
(1912, 'MD', '73', 'Raionul Edinet'),
(1913, 'MD', '74', 'Falesti'),
(1914, 'MD', '75', 'Floresti'),
(1915, 'MD', '76', 'Glodeni'),
(1916, 'MD', '77', 'Hincesti'),
(1917, 'MD', '78', 'Laloveni'),
(1918, 'MD', '79', 'Leova'),
(1919, 'MD', '80', 'Nisporeni'),
(1920, 'MD', '81', 'Raionul Ocnita'),
(1921, 'MD', '82', 'Orhei'),
(1922, 'MD', '83', 'Rezina'),
(1923, 'MD', '84', 'Riscani'),
(1924, 'MD', '85', 'Singerei'),
(1925, 'MD', '86', 'Soldanesti'),
(1926, 'MD', '87', 'Raionul Soroca'),
(1927, 'MD', '88', 'Stefan-Voda'),
(1928, 'MD', '89', 'Straseni'),
(1929, 'MD', '90', 'Taraclia'),
(1930, 'MD', '91', 'Telenesti'),
(1931, 'MD', '92', 'Ungheni'),
(1932, 'ME', '01', 'Andrijevica'),
(1933, 'ME', '02', 'Bar'),
(1934, 'ME', '03', 'Berane'),
(1935, 'ME', '04', 'Bijelo Polje'),
(1936, 'ME', '05', 'Budva'),
(1937, 'ME', '06', 'Cetinje'),
(1938, 'ME', '07', 'Danilovgrad'),
(1939, 'ME', '08', 'Herceg Novi'),
(1940, 'ME', '09', 'Opstina Kolasin'),
(1941, 'ME', '10', 'Kotor'),
(1942, 'ME', '11', 'Mojkovac'),
(1943, 'ME', '12', 'Opstina Niksic'),
(1944, 'ME', '13', 'Opstina Plav'),
(1945, 'ME', '14', 'Pljevlja'),
(1946, 'ME', '15', 'Opstina Pluzine'),
(1947, 'ME', '16', 'Podgorica'),
(1948, 'ME', '17', 'Opstina Rozaje'),
(1949, 'ME', '18', 'Opstina Savnik'),
(1950, 'ME', '19', 'Tivat'),
(1951, 'ME', '20', 'Ulcinj'),
(1952, 'ME', '21', 'Opstina Zabljak'),
(1953, 'MF', '00', 'N/A'),
(1954, 'MG', '7670842', 'Diana'),
(1955, 'MG', '7670846', 'Sava'),
(1956, 'MG', '7670847', 'Sofia'),
(1957, 'MG', '7670848', 'Analanjirofo'),
(1958, 'MG', '7670849', 'Boeny'),
(1959, 'MG', '7670850', 'Betsiboka'),
(1960, 'MG', '7670851', 'Alaotra Mangoro'),
(1961, 'MG', '7670852', 'Melaky'),
(1962, 'MG', '7670853', 'Bongolava'),
(1963, 'MG', '7670854', 'Vakinankaratra'),
(1964, 'MG', '7670855', 'Itasy'),
(1965, 'MG', '7670856', 'Analamanga'),
(1966, 'MG', '7670857', 'Atsinanana'),
(1967, 'MG', '7670902', 'Menabe'),
(1968, 'MG', '7670904', 'Amoron''i Mania'),
(1969, 'MG', '7670905', 'Upper Matsiatra'),
(1970, 'MG', '7670906', 'Vatovavy Fitovinany'),
(1971, 'MG', '7670907', 'Ihorombe'),
(1972, 'MG', '7670908', 'Atsimo-Atsinanana'),
(1973, 'MG', '7670910', 'Anosy'),
(1974, 'MG', '7670911', 'Androy'),
(1975, 'MG', '7670913', 'Atsimo-Andrefana'),
(1976, 'MH', '007', 'Ailinginae Atoll'),
(1977, 'MH', '010', 'Ailinglaplap Atoll'),
(1978, 'MH', '030', 'Ailuk Atoll'),
(1979, 'MH', '040', 'Arno Atoll'),
(1980, 'MH', '050', 'Aur Atoll'),
(1981, 'MH', '060', 'Bikar Atoll'),
(1982, 'MH', '070', 'Bikini Atoll'),
(1983, 'MH', '073', 'Bokak Atoll'),
(1984, 'MH', '080', 'Ebon Atoll'),
(1985, 'MH', '090', 'Enewetak Atoll'),
(1986, 'MH', '100', 'Erikub Atoll'),
(1987, 'MH', '110', 'Jabat Island'),
(1988, 'MH', '120', 'Jaluit Atoll'),
(1989, 'MH', '130', 'Jemo Island'),
(1990, 'MH', '140', 'Kili Island'),
(1991, 'MH', '150', 'Kwajalein Atoll'),
(1992, 'MH', '160', 'Lae Atoll'),
(1993, 'MH', '170', 'Lib Island'),
(1994, 'MH', '180', 'Likiep Atoll'),
(1995, 'MH', '190', 'Majuro Atoll'),
(1996, 'MH', '300', 'Maloelap Atoll'),
(1997, 'MH', '310', 'Mejit Island'),
(1998, 'MH', '320', 'Mili Atoll'),
(1999, 'MH', '330', 'Namdrik Atoll'),
(2000, 'MH', '340', 'Namu Atoll'),
(2001, 'MH', '350', 'Rongelap Atoll'),
(2002, 'MH', '360', 'Rongrik Atoll'),
(2003, 'MH', '385', 'Taka Atoll'),
(2004, 'MH', '390', 'Ujae Atoll'),
(2005, 'MH', '400', 'Ujelang'),
(2006, 'MH', '410', 'Utrik Atoll'),
(2007, 'MH', '420', 'Wotho Atoll'),
(2008, 'MH', '430', 'Wotje Atoll'),
(2009, 'MK', '01', 'Aracinovo'),
(2010, 'MK', '04', 'Berovo'),
(2011, 'MK', '06', 'Bitola'),
(2012, 'MK', '08', 'Bogdanci'),
(2013, 'MK', '11', 'Bosilovo'),
(2014, 'MK', '12', 'Brvenica'),
(2015, 'MK', '18', 'Centar Zupa'),
(2016, 'MK', '19', 'Cesinovo-Oblesevo'),
(2017, 'MK', '20', 'Cucer-Sandevo'),
(2018, 'MK', '22', 'Delcevo'),
(2019, 'MK', '25', 'Demir Kapija'),
(2020, 'MK', '28', 'Dolneni'),
(2021, 'MK', '29', 'Opstina Gjorce Petrov'),
(2022, 'MK', '30', 'Drugovo'),
(2023, 'MK', '32', 'Gazi Baba'),
(2024, 'MK', '33', 'Gevgelija'),
(2025, 'MK', '35', 'Gradsko'),
(2026, 'MK', '36', 'Ilinden'),
(2027, 'MK', '40', 'Karbinci'),
(2028, 'MK', '41', 'Karpos'),
(2029, 'MK', '43', 'Kicevo'),
(2030, 'MK', '44', 'Kisela Voda'),
(2031, 'MK', '46', 'Kocani'),
(2032, 'MK', '47', 'Konce'),
(2033, 'MK', '51', 'Kratovo'),
(2034, 'MK', '52', 'Kriva Palanka'),
(2035, 'MK', '53', 'Krivogastani'),
(2036, 'MK', '54', 'Krusevo'),
(2037, 'MK', '59', 'Opstina Lipkovo'),
(2038, 'MK', '60', 'Lozovo'),
(2039, 'MK', '62', 'Makedonska Kamenica'),
(2040, 'MK', '69', 'Negotino'),
(2041, 'MK', '72', 'Novo Selo'),
(2042, 'MK', '77', 'Oslomej'),
(2043, 'MK', '78', 'Pehcevo'),
(2044, 'MK', '79', 'Petrovec'),
(2045, 'MK', '80', 'Plasnica'),
(2046, 'MK', '83', 'Probistip'),
(2047, 'MK', '84', 'Radovis'),
(2048, 'MK', '85', 'Opstina Rankovce'),
(2049, 'MK', '86', 'Resen'),
(2050, 'MK', '87', 'Rosoman'),
(2051, 'MK', '90', 'Saraj'),
(2052, 'MK', '92', 'Sopiste'),
(2053, 'MK', '97', 'Staro Nagoricane'),
(2054, 'MK', '98', 'Stip'),
(2055, 'MK', 'A2', 'Studenicani'),
(2056, 'MK', 'A3', 'Suto Orizari'),
(2057, 'MK', 'A4', 'Sveti Nikole'),
(2058, 'MK', 'A5', 'Tearce'),
(2059, 'MK', 'A9', 'Vasilevo'),
(2060, 'MK', 'B3', 'Vevcani'),
(2061, 'MK', 'B4', 'Vinica'),
(2062, 'MK', 'B6', 'Vranestica'),
(2063, 'MK', 'B7', 'Vrapciste'),
(2064, 'MK', 'C1', 'Zajas'),
(2065, 'MK', 'C2', 'Zelenikovo'),
(2066, 'MK', 'C3', 'Zelino'),
(2067, 'MK', 'C6', 'Zrnovci'),
(2068, 'MK', 'C7', 'Bogovinje'),
(2069, 'MK', 'C8', 'Cair'),
(2070, 'MK', 'C9', 'Caska'),
(2071, 'MK', 'D1', 'Centar'),
(2072, 'MK', 'D2', 'Debar'),
(2073, 'MK', 'D3', 'Demir Hisar'),
(2074, 'MK', 'D4', 'Gostivar'),
(2075, 'MK', 'D5', 'Jegunovce'),
(2076, 'MK', 'D6', 'Kavadarci'),
(2077, 'MK', 'D7', 'Kumanovo'),
(2078, 'MK', 'D8', 'Makedonski Brod'),
(2079, 'MK', 'D9', 'Mogila'),
(2080, 'MK', 'E1', 'Novaci'),
(2081, 'MK', 'E2', 'Ohrid'),
(2082, 'MK', 'E3', 'Prilep'),
(2083, 'MK', 'E4', 'Opstina Rostusa'),
(2084, 'MK', 'E5', 'Dojran'),
(2085, 'MK', 'E6', 'Struga'),
(2086, 'MK', 'E7', 'Strumica'),
(2087, 'MK', 'E8', 'Tetovo'),
(2088, 'MK', 'E9', 'Valandovo'),
(2089, 'MK', 'F1', 'Veles'),
(2090, 'MK', 'F3', 'Aerodrom'),
(2091, 'MK', 'F4', 'Butel'),
(2092, 'MK', 'F5', 'Debarca'),
(2093, 'ML', '01', 'Bamako'),
(2094, 'ML', '03', 'Kayes'),
(2095, 'ML', '04', 'Mopti'),
(2096, 'ML', '05', 'Segou'),
(2097, 'ML', '06', 'Sikasso'),
(2098, 'ML', '07', 'Koulikoro'),
(2099, 'ML', '08', 'Tombouctou'),
(2100, 'ML', '09', 'Gao'),
(2101, 'ML', '10', 'Kidal'),
(2102, 'MM', '01', 'Rakhine'),
(2103, 'MM', '02', 'Chin'),
(2104, 'MM', '03', 'Ayeyarwady'),
(2105, 'MM', '04', 'Kachin'),
(2106, 'MM', '05', 'Kayin'),
(2107, 'MM', '06', 'Kayah'),
(2108, 'MM', '08', 'Mandalay'),
(2109, 'MM', '10', 'Sagain'),
(2110, 'MM', '11', 'Shan'),
(2111, 'MM', '12', 'Tanintharyi'),
(2112, 'MM', '13', 'Mon'),
(2113, 'MM', '15', 'Magway'),
(2114, 'MM', '16', 'Bago'),
(2115, 'MM', '17', 'Yangon'),
(2116, 'MN', '01', 'Arhangay'),
(2117, 'MN', '02', 'Bayanhongor'),
(2118, 'MN', '03', 'Bayan-Olgiy'),
(2119, 'MN', '06', 'East Aimak'),
(2120, 'MN', '07', 'East Gobi Aymag'),
(2121, 'MN', '08', 'Middle Govi'),
(2122, 'MN', '09', 'Dzabkhan'),
(2123, 'MN', '10', 'Govi-Altay'),
(2124, 'MN', '11', 'Hentiy'),
(2125, 'MN', '12', 'Hovd'),
(2126, 'MN', '13', 'Hovsgol'),
(2127, 'MN', '14', 'OEmnoegovi'),
(2128, 'MN', '15', 'OEvoerhangay'),
(2129, 'MN', '16', 'Selenge'),
(2130, 'MN', '17', 'Suhbaatar'),
(2131, 'MN', '18', 'Central Aimak'),
(2132, 'MN', '19', 'Uvs'),
(2133, 'MN', '20', 'Ulaanbaatar'),
(2134, 'MN', '21', 'Bulgan'),
(2135, 'MN', '23', 'Darhan Uul'),
(2136, 'MN', '24', 'Govi-Sumber'),
(2137, 'MN', '25', 'Orhon'),
(2138, 'MO', '01', 'Ilhas'),
(2139, 'MO', '02', 'Macau'),
(2140, 'MP', '085', 'Northern Islands'),
(2141, 'MP', '100', 'Rota'),
(2142, 'MP', '110', 'Saipan'),
(2143, 'MP', '120', 'Tinian'),
(2144, 'MQ', 'MQ', 'Martinique'),
(2145, 'MR', '01', 'Hodh ech Chargui'),
(2146, 'MR', '02', 'Hodh el Gharbi'),
(2147, 'MR', '03', 'Assaba'),
(2148, 'MR', '04', 'Gorgol'),
(2149, 'MR', '05', 'Brakna'),
(2150, 'MR', '06', 'Trarza'),
(2151, 'MR', '07', 'Adrar'),
(2152, 'MR', '08', 'Dakhlet Nouadhibou'),
(2153, 'MR', '09', 'Tagant'),
(2154, 'MR', '10', 'Guidimaka'),
(2155, 'MR', '11', 'Tiris Zemmour'),
(2156, 'MR', '12', 'Inchiri'),
(2157, 'MR', 'NKC', 'Nouakchott'),
(2158, 'MS', '01', 'Saint Anthony'),
(2159, 'MS', '02', 'Saint Georges'),
(2160, 'MS', '03', 'Saint Peter'),
(2161, 'MT', '01', 'Attard'),
(2162, 'MT', '02', 'Balzan'),
(2163, 'MT', '03', 'Il-Birgu'),
(2164, 'MT', '04', 'Birkirkara'),
(2165, 'MT', '05', 'Birzebbuga'),
(2166, 'MT', '06', 'Bormla'),
(2167, 'MT', '07', 'Dingli'),
(2168, 'MT', '08', 'Il-Fgura'),
(2169, 'MT', '09', 'Il-Furjana'),
(2170, 'MT', '10', 'Il-Fontana'),
(2171, 'MT', '11', 'Ghajnsielem'),
(2172, 'MT', '12', 'L-Gharb'),
(2173, 'MT', '13', 'Hal Gharghur'),
(2174, 'MT', '14', 'L-Ghasri'),
(2175, 'MT', '15', 'Hal Ghaxaq'),
(2176, 'MT', '16', 'Il-Gudja'),
(2177, 'MT', '17', 'Il-Gzira'),
(2178, 'MT', '18', 'Il-Hamrun'),
(2179, 'MT', '19', 'L-Iklin'),
(2180, 'MT', '20', 'L-Imdina'),
(2181, 'MT', '21', 'L-Imgarr'),
(2182, 'MT', '22', 'L-Imqabba'),
(2183, 'MT', '23', 'L-Imsida'),
(2184, 'MT', '24', 'L-Imtarfa'),
(2185, 'MT', '25', 'L-Isla'),
(2186, 'MT', '26', 'Il-Kalkara'),
(2187, 'MT', '27', 'Ta'' Kercem'),
(2188, 'MT', '28', 'Kirkop'),
(2189, 'MT', '29', 'Lija'),
(2190, 'MT', '30', 'Luqa'),
(2191, 'MT', '31', 'Il-Marsa'),
(2192, 'MT', '32', 'Marsaskala'),
(2193, 'MT', '33', 'Marsaxlokk'),
(2194, 'MT', '34', 'Il-Mellieha'),
(2195, 'MT', '35', 'Il-Mosta'),
(2196, 'MT', '36', 'Il-Munxar'),
(2197, 'MT', '37', 'In-Nadur'),
(2198, 'MT', '38', 'In-Naxxar'),
(2199, 'MT', '39', 'Paola'),
(2200, 'MT', '40', 'Pembroke'),
(2201, 'MT', '41', 'Tal-Pieta'),
(2202, 'MT', '42', 'Il-Qala'),
(2203, 'MT', '43', 'Qormi'),
(2204, 'MT', '44', 'Il-Qrendi'),
(2205, 'MT', '45', 'Ir-Rabat'),
(2206, 'MT', '46', 'Victoria'),
(2207, 'MT', '47', 'Safi'),
(2208, 'MT', '48', 'Saint John'),
(2209, 'MT', '49', 'Saint Julian'),
(2210, 'MT', '50', 'Saint Lawrence'),
(2211, 'MT', '51', 'Saint Lucia'),
(2212, 'MT', '52', 'Saint Paul''s Bay'),
(2213, 'MT', '53', 'Saint Venera'),
(2214, 'MT', '54', 'Sannat'),
(2215, 'MT', '55', 'Is-Siggiewi'),
(2216, 'MT', '56', 'Tas-Sliema'),
(2217, 'MT', '57', 'Is-Swieqi'),
(2218, 'MT', '58', 'Tarxien'),
(2219, 'MT', '59', 'Ta'' Xbiex'),
(2220, 'MT', '60', 'Il-Belt Valletta'),
(2221, 'MT', '61', 'Ix-Xaghra'),
(2222, 'MT', '62', 'Ix-Xewkija'),
(2223, 'MT', '63', 'Ix-Xghajra'),
(2224, 'MT', '64', 'Haz-Zabbar'),
(2225, 'MT', '65', 'Haz-Zebbug'),
(2226, 'MT', '66', 'Iz-Zebbug'),
(2227, 'MT', '67', 'Iz-Zejtun'),
(2228, 'MT', '68', 'Iz-Zurrieq'),
(2229, 'MU', '12', 'Black River'),
(2230, 'MU', '13', 'Flacq'),
(2231, 'MU', '14', 'Grand Port'),
(2232, 'MU', '15', 'Moka'),
(2233, 'MU', '16', 'Pamplemousses'),
(2234, 'MU', '17', 'Plaines Wilhems'),
(2235, 'MU', '18', 'Port Louis'),
(2236, 'MU', '19', 'Riviere du Rempart'),
(2237, 'MU', '20', 'Savanne'),
(2238, 'MU', '21', 'Agalega Islands'),
(2239, 'MU', '22', 'Cargados Carajos'),
(2240, 'MU', '23', 'Rodrigues'),
(2241, 'MV', '01', 'Seenu'),
(2242, 'MV', '05', 'Laamu'),
(2243, 'MV', '30', 'Northern Ari Atoll'),
(2244, 'MV', '31', 'Baa Atholhu'),
(2245, 'MV', '32', 'Dhaalu Atholhu'),
(2246, 'MV', '33', 'Faafu Atholhu'),
(2247, 'MV', '34', 'Gaafu Alifu Atholhu'),
(2248, 'MV', '35', 'Gaafu Dhaalu Atholhu'),
(2249, 'MV', '36', 'Haa Alifu Atholhu'),
(2250, 'MV', '37', 'Haa Dhaalu Atholhu'),
(2251, 'MV', '38', 'Kaafu Atoll'),
(2252, 'MV', '39', 'Lhaviyani Atholhu'),
(2253, 'MV', '40', 'Maale'),
(2254, 'MV', '41', 'Meemu Atholhu'),
(2255, 'MV', '42', 'Gnyaviyani Atoll'),
(2256, 'MV', '43', 'Noonu Atoll'),
(2257, 'MV', '44', 'Raa Atoll'),
(2258, 'MV', '45', 'Shaviyani Atholhu'),
(2259, 'MV', '46', 'Thaa Atholhu'),
(2260, 'MV', '47', 'Vaavu Atholhu'),
(2261, 'MV', '48', 'South Province'),
(2262, 'MV', '49', 'Upper South'),
(2263, 'MV', '50', 'Upper North'),
(2264, 'MV', '51', 'Central Province'),
(2265, 'MV', '52', 'South Central'),
(2266, 'MV', '53', 'North Central'),
(2267, 'MV', '54', 'North Province'),
(2268, 'MW', 'C', 'Central Region'),
(2269, 'MW', 'N', 'Northern Region'),
(2270, 'MW', 'S', 'Southern Region'),
(2271, 'MX', '01', 'Aguascalientes'),
(2272, 'MX', '02', 'Baja California'),
(2273, 'MX', '03', 'Baja California Sur'),
(2274, 'MX', '04', 'Campeche'),
(2275, 'MX', '05', 'Chiapas'),
(2276, 'MX', '06', 'Chihuahua'),
(2277, 'MX', '07', 'Coahuila'),
(2278, 'MX', '08', 'Colima'),
(2279, 'MX', '09', 'Mexico City'),
(2280, 'MX', '10', 'Durango'),
(2281, 'MX', '11', 'Guanajuato'),
(2282, 'MX', '12', 'Guerrero'),
(2283, 'MX', '13', 'Hidalgo'),
(2284, 'MX', '14', 'Jalisco'),
(2285, 'MX', '15', 'Mexico'),
(2286, 'MX', '16', 'Michoacan'),
(2287, 'MX', '17', 'Morelos'),
(2288, 'MX', '18', 'Nayarit'),
(2289, 'MX', '19', 'Nuevo Leon'),
(2290, 'MX', '20', 'Oaxaca'),
(2291, 'MX', '21', 'Puebla'),
(2292, 'MX', '22', 'Queretaro'),
(2293, 'MX', '23', 'Quintana Roo'),
(2294, 'MX', '24', 'San Luis Potosi'),
(2295, 'MX', '25', 'Sinaloa'),
(2296, 'MX', '26', 'Sonora'),
(2297, 'MX', '27', 'Tabasco'),
(2298, 'MX', '28', 'Tamaulipas'),
(2299, 'MX', '29', 'Tlaxcala'),
(2300, 'MX', '30', 'Veracruz'),
(2301, 'MX', '31', 'Yucatan'),
(2302, 'MX', '32', 'Zacatecas'),
(2303, 'MY', '01', 'Johor'),
(2304, 'MY', '02', 'Kedah'),
(2305, 'MY', '03', 'Kelantan'),
(2306, 'MY', '04', 'Melaka'),
(2307, 'MY', '05', 'Negeri Sembilan'),
(2308, 'MY', '06', 'Pahang'),
(2309, 'MY', '07', 'Perak'),
(2310, 'MY', '08', 'Perlis'),
(2311, 'MY', '09', 'Penang'),
(2312, 'MY', '11', 'Sarawak'),
(2313, 'MY', '12', 'Selangor'),
(2314, 'MY', '13', 'Terengganu'),
(2315, 'MY', '14', 'Kuala Lumpur'),
(2316, 'MY', '15', 'Labuan'),
(2317, 'MY', '16', 'Sabah'),
(2318, 'MY', '17', 'Putrajaya'),
(2319, 'MZ', '01', 'Cabo Delgado'),
(2320, 'MZ', '02', 'Gaza'),
(2321, 'MZ', '03', 'Inhambane'),
(2322, 'MZ', '04', 'Maputo'),
(2323, 'MZ', '05', 'Sofala'),
(2324, 'MZ', '06', 'Nampula'),
(2325, 'MZ', '07', 'Niassa'),
(2326, 'MZ', '08', 'Tete'),
(2327, 'MZ', '09', 'Zambezia'),
(2328, 'MZ', '10', 'Manica'),
(2329, 'MZ', '11', 'Maputo City'),
(2330, 'NA', '21', 'Khomas'),
(2331, 'NA', '28', 'Zambezi'),
(2332, 'NA', '29', 'Erongo'),
(2333, 'NA', '30', 'Hardap'),
(2334, 'NA', '31', 'Karas'),
(2335, 'NA', '32', 'Kunene'),
(2336, 'NA', '33', 'Ohangwena'),
(2337, 'NA', '35', 'Omaheke'),
(2338, 'NA', '36', 'Omusati'),
(2339, 'NA', '37', 'Oshana'),
(2340, 'NA', '38', 'Oshikoto'),
(2341, 'NA', '39', 'Otjozondjupa'),
(2342, 'NA', '40', 'Kavango East'),
(2343, 'NA', '41', 'Kavango West'),
(2344, 'NC', '01', 'North Province'),
(2345, 'NC', '02', 'South Province'),
(2346, 'NC', '03', 'Loyalty Islands'),
(2347, 'NE', '01', 'Agadez'),
(2348, 'NE', '02', 'Diffa'),
(2349, 'NE', '03', 'Dosso'),
(2350, 'NE', '04', 'Maradi'),
(2351, 'NE', '06', 'Tahoua'),
(2352, 'NE', '07', 'Zinder'),
(2353, 'NE', '08', 'Niamey'),
(2354, 'NE', '09', 'Tillaberi'),
(2355, 'NF', '00', 'N/A'),
(2356, 'NG', '05', 'Lagos'),
(2357, 'NG', '11', 'Abuja Federal Capital Territory'),
(2358, 'NG', '16', 'Ogun'),
(2359, 'NG', '21', 'Akwa Ibom'),
(2360, 'NG', '22', 'Cross River'),
(2361, 'NG', '23', 'Kaduna'),
(2362, 'NG', '24', 'Katsina'),
(2363, 'NG', '25', 'Anambra'),
(2364, 'NG', '26', 'Benue'),
(2365, 'NG', '27', 'Borno'),
(2366, 'NG', '28', 'Imo'),
(2367, 'NG', '29', 'Kano'),
(2368, 'NG', '30', 'Kwara'),
(2369, 'NG', '31', 'Niger'),
(2370, 'NG', '32', 'Oyo'),
(2371, 'NG', '35', 'Adamawa'),
(2372, 'NG', '36', 'Delta'),
(2373, 'NG', '37', 'Edo'),
(2374, 'NG', '39', 'Jigawa'),
(2375, 'NG', '40', 'Kebbi'),
(2376, 'NG', '41', 'Kogi'),
(2377, 'NG', '42', 'Osun'),
(2378, 'NG', '43', 'Taraba'),
(2379, 'NG', '44', 'Yobe'),
(2380, 'NG', '45', 'Abia'),
(2381, 'NG', '46', 'Bauchi'),
(2382, 'NG', '47', 'Enugu'),
(2383, 'NG', '48', 'Ondo'),
(2384, 'NG', '49', 'Plateau'),
(2385, 'NG', '50', 'Rivers'),
(2386, 'NG', '51', 'Sokoto'),
(2387, 'NG', '52', 'Bayelsa'),
(2388, 'NG', '53', 'Ebonyi'),
(2389, 'NG', '54', 'Ekiti'),
(2390, 'NG', '55', 'Gombe'),
(2391, 'NG', '56', 'Nassarawa'),
(2392, 'NG', '57', 'Zamfara'),
(2393, 'NI', '01', 'Boaco'),
(2394, 'NI', '02', 'Carazo'),
(2395, 'NI', '03', 'Chinandega'),
(2396, 'NI', '04', 'Chontales'),
(2397, 'NI', '05', 'Esteli'),
(2398, 'NI', '06', 'Granada'),
(2399, 'NI', '07', 'Jinotega'),
(2400, 'NI', '08', 'Leon'),
(2401, 'NI', '09', 'Madriz'),
(2402, 'NI', '10', 'Managua'),
(2403, 'NI', '11', 'Masaya'),
(2404, 'NI', '12', 'Matagalpa'),
(2405, 'NI', '13', 'Nueva Segovia'),
(2406, 'NI', '14', 'Rio San Juan'),
(2407, 'NI', '15', 'Rivas'),
(2408, 'NI', '17', 'Atlantico Norte (RAAN)'),
(2409, 'NI', '18', 'Atlantico Sur'),
(2410, 'NL', '01', 'Drenthe'),
(2411, 'NL', '02', 'Friesland'),
(2412, 'NL', '03', 'Gelderland'),
(2413, 'NL', '04', 'Groningen'),
(2414, 'NL', '05', 'Limburg'),
(2415, 'NL', '06', 'North Brabant'),
(2416, 'NL', '07', 'North Holland'),
(2417, 'NL', '09', 'Utrecht'),
(2418, 'NL', '10', 'Zeeland'),
(2419, 'NL', '11', 'South Holland'),
(2420, 'NL', '15', 'Overijssel'),
(2421, 'NL', '16', 'Flevoland'),
(2422, 'NO', '01', 'Akershus'),
(2423, 'NO', '02', 'Aust-Agder'),
(2424, 'NO', '04', 'Buskerud'),
(2425, 'NO', '05', 'Finnmark Fylke'),
(2426, 'NO', '06', 'Hedmark'),
(2427, 'NO', '07', 'Hordaland'),
(2428, 'NO', '08', 'More og Romsdal'),
(2429, 'NO', '09', 'Nordland'),
(2430, 'NO', '10', 'Nord-Trondelag'),
(2431, 'NO', '11', 'Oppland'),
(2432, 'NO', '12', 'Oslo'),
(2433, 'NO', '13', 'Ostfold'),
(2434, 'NO', '14', 'Rogaland'),
(2435, 'NO', '15', 'Sogn og Fjordane'),
(2436, 'NO', '16', 'Sor-Trondelag'),
(2437, 'NO', '17', 'Telemark'),
(2438, 'NO', '18', 'Troms'),
(2439, 'NO', '19', 'Vest-Agder'),
(2440, 'NO', '20', 'Vestfold'),
(2441, 'NP', 'CR', 'Central Region'),
(2442, 'NP', 'ER', 'Eastern Region'),
(2443, 'NP', 'FR', 'Far Western'),
(2444, 'NP', 'MR', 'Mid Western'),
(2445, 'NP', 'WR', 'Western Region'),
(2446, 'NR', '01', 'Aiwo'),
(2447, 'NR', '02', 'Anabar'),
(2448, 'NR', '03', 'Anetan'),
(2449, 'NR', '04', 'Anibare'),
(2450, 'NR', '05', 'Baiti'),
(2451, 'NR', '06', 'Boe'),
(2452, 'NR', '07', 'Buada'),
(2453, 'NR', '08', 'Denigomodu'),
(2454, 'NR', '09', 'Ewa'),
(2455, 'NR', '10', 'Ijuw'),
(2456, 'NR', '11', 'Meneng'),
(2457, 'NR', '12', 'Nibok'),
(2458, 'NR', '13', 'Uaboe'),
(2459, 'NR', '14', 'Yaren'),
(2460, 'NU', '00', 'N/A'),
(2461, 'NZ', '10', 'Chatham Islands'),
(2462, 'NZ', 'E7', 'Auckland'),
(2463, 'NZ', 'E8', 'Bay of Plenty'),
(2464, 'NZ', 'E9', 'Canterbury'),
(2465, 'NZ', 'F1', 'Gisborne'),
(2466, 'NZ', 'F2', 'Hawke''s Bay'),
(2467, 'NZ', 'F3', 'Manawatu-Wanganui'),
(2468, 'NZ', 'F4', 'Marlborough'),
(2469, 'NZ', 'F5', 'Nelson'),
(2470, 'NZ', 'F6', 'Northland'),
(2471, 'NZ', 'F7', 'Otago'),
(2472, 'NZ', 'F8', 'Southland'),
(2473, 'NZ', 'F9', 'Taranaki'),
(2474, 'NZ', 'G1', 'Waikato'),
(2475, 'NZ', 'G2', 'Wellington'),
(2476, 'NZ', 'G3', 'West Coast'),
(2477, 'NZ', 'TAS', 'Tasman'),
(2478, 'OM', '01', 'Muhafazat ad Dakhiliyah'),
(2479, 'OM', '02', 'Al Batinah'),
(2480, 'OM', '03', 'Al Wusta'),
(2481, 'OM', '04', 'Ash Sharqiyah'),
(2482, 'OM', '06', 'Muhafazat Masqat'),
(2483, 'OM', '07', 'Musandam'),
(2484, 'OM', '08', 'Zufar'),
(2485, 'OM', '09', 'Az Zahirah'),
(2486, 'OM', '10', 'Al Buraimi'),
(2487, 'OM', '11', 'Al Batinah'),
(2488, 'OM', '12', 'Ash Sharqiyah'),
(2489, 'PA', '01', 'Bocas del Toro'),
(2490, 'PA', '02', 'Chiriqui'),
(2491, 'PA', '03', 'Cocle'),
(2492, 'PA', '04', 'Colon'),
(2493, 'PA', '05', 'Darien'),
(2494, 'PA', '06', 'Herrera'),
(2495, 'PA', '07', 'Los Santos'),
(2496, 'PA', '08', 'Panama'),
(2497, 'PA', '09', 'Guna Yala'),
(2498, 'PA', '10', 'Veraguas'),
(2499, 'PA', '11', 'Embera'),
(2500, 'PA', '12', 'Ngoebe-Bugle'),
(2501, 'PE', '01', 'Amazonas'),
(2502, 'PE', '02', 'Ancash'),
(2503, 'PE', '03', 'Apurimac'),
(2504, 'PE', '04', 'Arequipa'),
(2505, 'PE', '05', 'Ayacucho'),
(2506, 'PE', '06', 'Cajamarca'),
(2507, 'PE', '07', 'Callao'),
(2508, 'PE', '08', 'Cusco'),
(2509, 'PE', '09', 'Huancavelica'),
(2510, 'PE', '10', 'Huanuco'),
(2511, 'PE', '11', 'Ica'),
(2512, 'PE', '12', 'Junin'),
(2513, 'PE', '13', 'La Libertad'),
(2514, 'PE', '14', 'Lambayeque'),
(2515, 'PE', '15', 'Lima'),
(2516, 'PE', '16', 'Loreto'),
(2517, 'PE', '17', 'Madre de Dios'),
(2518, 'PE', '18', 'Moquegua'),
(2519, 'PE', '19', 'Pasco'),
(2520, 'PE', '20', 'Piura'),
(2521, 'PE', '21', 'Puno'),
(2522, 'PE', '22', 'San Martin'),
(2523, 'PE', '23', 'Tacna'),
(2524, 'PE', '24', 'Tumbes'),
(2525, 'PE', '25', 'Ucayali'),
(2526, 'PE', 'LMA', 'Lima'),
(2527, 'PF', '01', 'Iles du Vent'),
(2528, 'PF', '02', 'Iles Sous-le-Vent'),
(2529, 'PF', '03', 'Iles Tuamotu-Gambier'),
(2530, 'PF', '04', 'Iles Marquises'),
(2531, 'PF', '05', 'Iles Australes'),
(2532, 'PG', '01', 'Central Province'),
(2533, 'PG', '02', 'Gulf'),
(2534, 'PG', '03', 'Milne Bay'),
(2535, 'PG', '04', 'Northern Province'),
(2536, 'PG', '05', 'Southern Highlands'),
(2537, 'PG', '06', 'Western Province'),
(2538, 'PG', '07', 'Bougainville'),
(2539, 'PG', '08', 'Chimbu'),
(2540, 'PG', '09', 'Eastern Highlands'),
(2541, 'PG', '10', 'East New Britain'),
(2542, 'PG', '11', 'East Sepik'),
(2543, 'PG', '12', 'Madang'),
(2544, 'PG', '13', 'Manus'),
(2545, 'PG', '14', 'Morobe'),
(2546, 'PG', '15', 'New Ireland'),
(2547, 'PG', '16', 'Western Highlands'),
(2548, 'PG', '17', 'West New Britain'),
(2549, 'PG', '18', 'Sandaun'),
(2550, 'PG', '19', 'Enga'),
(2551, 'PG', '20', 'National Capital'),
(2552, 'PG', '21', 'Hela'),
(2553, 'PG', '22', 'Jiwaka'),
(2554, 'PH', '01', 'Ilocos'),
(2555, 'PH', '02', 'Cagayan Valley'),
(2556, 'PH', '03', 'Central Luzon'),
(2557, 'PH', '05', 'Bicol'),
(2558, 'PH', '06', 'Western Visayas'),
(2559, 'PH', '07', 'Central Visayas'),
(2560, 'PH', '08', 'Eastern Visayas'),
(2561, 'PH', '09', 'Zamboanga Peninsula'),
(2562, 'PH', '10', 'Northern Mindanao'),
(2563, 'PH', '11', 'Davao'),
(2564, 'PH', '12', 'Soccsksargen'),
(2565, 'PH', '13', 'Caraga'),
(2566, 'PH', '14', 'Autonomous Region in Muslim Mindanao'),
(2567, 'PH', '15', 'Cordillera'),
(2568, 'PH', '40', 'Calabarzon'),
(2569, 'PH', '41', 'Mimaropa'),
(2570, 'PH', 'NCR', 'Metro Manila'),
(2571, 'PK', '01', 'Federally Administered Tribal Areas'),
(2572, 'PK', '02', 'Balochistan'),
(2573, 'PK', '03', 'Khyber Pakhtunkhwa'),
(2574, 'PK', '04', 'Punjab'),
(2575, 'PK', '05', 'Sindh'),
(2576, 'PK', '06', 'Azad Kashmir'),
(2577, 'PK', '07', 'Gilgit-Baltistan'),
(2578, 'PK', '08', 'Islamabad'),
(2579, 'PL', '72', 'Lower Silesian Voivodeship'),
(2580, 'PL', '73', 'Kujawsko-Pomorskie'),
(2581, 'PL', '74', 'Lodz Voivodeship'),
(2582, 'PL', '75', 'Lublin Voivodeship'),
(2583, 'PL', '76', 'Lubusz'),
(2584, 'PL', '77', 'Lesser Poland Voivodeship'),
(2585, 'PL', '78', 'Masovian Voivodeship'),
(2586, 'PL', '79', 'Opole Voivodeship'),
(2587, 'PL', '80', 'Subcarpathian Voivodeship'),
(2588, 'PL', '81', 'Podlasie'),
(2589, 'PL', '82', 'Pomeranian Voivodeship'),
(2590, 'PL', '83', 'Silesian Voivodeship'),
(2591, 'PL', '84', 'Swietokrzyskie'),
(2592, 'PL', '85', 'Warmian-Masurian Voivodeship'),
(2593, 'PL', '86', 'Greater Poland Voivodeship'),
(2594, 'PL', '87', 'West Pomeranian Voivodeship'),
(2595, 'PM', '97501', 'Miquelon-Langlade'),
(2596, 'PM', '97502', 'Saint-Pierre'),
(2597, 'PR', '001', 'Adjuntas'),
(2598, 'PR', '003', 'Aguada'),
(2599, 'PR', '005', 'Aguadilla'),
(2600, 'PR', '007', 'Aguas Buenas'),
(2601, 'PR', '009', 'Aibonito'),
(2602, 'PR', '011', 'Anasco'),
(2603, 'PR', '013', 'Arecibo'),
(2604, 'PR', '015', 'Arroyo'),
(2605, 'PR', '017', 'Barceloneta'),
(2606, 'PR', '019', 'Barranquitas'),
(2607, 'PR', '021', 'Bayamon'),
(2608, 'PR', '023', 'Cabo Rojo'),
(2609, 'PR', '025', 'Caguas'),
(2610, 'PR', '027', 'Camuy'),
(2611, 'PR', '029', 'Canovanas'),
(2612, 'PR', '031', 'Carolina'),
(2613, 'PR', '033', 'Catano'),
(2614, 'PR', '035', 'Cayey'),
(2615, 'PR', '037', 'Ceiba'),
(2616, 'PR', '039', 'Ciales'),
(2617, 'PR', '041', 'Cidra'),
(2618, 'PR', '043', 'Coamo'),
(2619, 'PR', '045', 'Comerio'),
(2620, 'PR', '047', 'Corozal'),
(2621, 'PR', '049', 'Culebra'),
(2622, 'PR', '051', 'Dorado'),
(2623, 'PR', '053', 'Fajardo'),
(2624, 'PR', '054', 'Florida'),
(2625, 'PR', '055', 'Guanica'),
(2626, 'PR', '057', 'Guayama'),
(2627, 'PR', '059', 'Guayanilla'),
(2628, 'PR', '061', 'Guaynabo'),
(2629, 'PR', '063', 'Gurabo'),
(2630, 'PR', '065', 'Hatillo'),
(2631, 'PR', '067', 'Hormigueros'),
(2632, 'PR', '069', 'Humacao'),
(2633, 'PR', '071', 'Isabela'),
(2634, 'PR', '073', 'Municipio de Jayuya'),
(2635, 'PR', '075', 'Juana Diaz'),
(2636, 'PR', '077', 'Municipio de Juncos'),
(2637, 'PR', '079', 'Lajas'),
(2638, 'PR', '081', 'Lares'),
(2639, 'PR', '083', 'Las Marias'),
(2640, 'PR', '085', 'Las Piedras'),
(2641, 'PR', '087', 'Loiza'),
(2642, 'PR', '089', 'Luquillo'),
(2643, 'PR', '091', 'Manati'),
(2644, 'PR', '093', 'Maricao'),
(2645, 'PR', '095', 'Maunabo'),
(2646, 'PR', '097', 'Mayaguez'),
(2647, 'PR', '099', 'Moca'),
(2648, 'PR', '101', 'Morovis'),
(2649, 'PR', '103', 'Naguabo'),
(2650, 'PR', '105', 'Naranjito'),
(2651, 'PR', '107', 'Orocovis'),
(2652, 'PR', '109', 'Patillas'),
(2653, 'PR', '111', 'Penuelas'),
(2654, 'PR', '113', 'Ponce'),
(2655, 'PR', '115', 'Quebradillas'),
(2656, 'PR', '117', 'Rincon'),
(2657, 'PR', '119', 'Rio Grande'),
(2658, 'PR', '121', 'Sabana Grande'),
(2659, 'PR', '123', 'Salinas'),
(2660, 'PR', '125', 'San German'),
(2661, 'PR', '127', 'San Juan'),
(2662, 'PR', '129', 'San Lorenzo'),
(2663, 'PR', '131', 'San Sebastian'),
(2664, 'PR', '133', 'Santa Isabel Municipio'),
(2665, 'PR', '135', 'Toa Alta'),
(2666, 'PR', '137', 'Toa Baja'),
(2667, 'PR', '139', 'Trujillo Alto'),
(2668, 'PR', '141', 'Utuado'),
(2669, 'PR', '143', 'Vega Alta'),
(2670, 'PR', '145', 'Vega Baja'),
(2671, 'PR', '147', 'Vieques'),
(2672, 'PR', '149', 'Villalba'),
(2673, 'PR', '151', 'Yabucoa'),
(2674, 'PR', '153', 'Yauco'),
(2675, 'PS', 'GZ', 'Gaza Strip'),
(2676, 'PS', 'WE', 'West Bank'),
(2677, 'PT', '02', 'Aveiro'),
(2678, 'PT', '03', 'Beja'),
(2679, 'PT', '04', 'Braga'),
(2680, 'PT', '05', 'Braganca'),
(2681, 'PT', '06', 'Castelo Branco'),
(2682, 'PT', '07', 'Coimbra'),
(2683, 'PT', '08', 'Evora'),
(2684, 'PT', '09', 'Faro'),
(2685, 'PT', '10', 'Madeira'),
(2686, 'PT', '11', 'Guarda'),
(2687, 'PT', '13', 'Leiria'),
(2688, 'PT', '14', 'Lisbon'),
(2689, 'PT', '16', 'Portalegre'),
(2690, 'PT', '17', 'Porto'),
(2691, 'PT', '18', 'Santarem'),
(2692, 'PT', '19', 'Setubal'),
(2693, 'PT', '20', 'Viana do Castelo'),
(2694, 'PT', '21', 'Vila Real'),
(2695, 'PT', '22', 'Viseu'),
(2696, 'PT', '23', 'Azores'),
(2697, 'PW', '01', 'Aimeliik'),
(2698, 'PW', '02', 'Airai'),
(2699, 'PW', '03', 'Angaur'),
(2700, 'PW', '04', 'Hatohobei'),
(2701, 'PW', '05', 'Kayangel'),
(2702, 'PW', '06', 'Koror'),
(2703, 'PW', '07', 'Melekeok'),
(2704, 'PW', '08', 'Ngaraard'),
(2705, 'PW', '09', 'Ngarchelong'),
(2706, 'PW', '10', 'Ngardmau'),
(2707, 'PW', '11', 'Ngatpang'),
(2708, 'PW', '12', 'Ngchesar'),
(2709, 'PW', '13', 'Ngaremlengui'),
(2710, 'PW', '14', 'Ngiwal'),
(2711, 'PW', '15', 'Peleliu'),
(2712, 'PW', '16', 'Sonsorol'),
(2713, 'PY', '01', 'Alto Parana'),
(2714, 'PY', '02', 'Amambay'),
(2715, 'PY', '04', 'Caaguazu'),
(2716, 'PY', '05', 'Caazapa'),
(2717, 'PY', '06', 'Central'),
(2718, 'PY', '07', 'Concepcion'),
(2719, 'PY', '08', 'Cordillera'),
(2720, 'PY', '10', 'Guaira'),
(2721, 'PY', '11', 'Itapua'),
(2722, 'PY', '12', 'Misiones'),
(2723, 'PY', '13', 'Neembucu'),
(2724, 'PY', '15', 'Paraguari'),
(2725, 'PY', '16', 'Presidente Hayes'),
(2726, 'PY', '17', 'San Pedro'),
(2727, 'PY', '19', 'Canindeyu'),
(2728, 'PY', '22', 'Asuncion'),
(2729, 'PY', '23', 'Alto Paraguay'),
(2730, 'PY', '24', 'Boqueron'),
(2731, 'QA', '01', 'Baladiyat ad Dawhah'),
(2732, 'QA', '04', 'Al Khawr'),
(2733, 'QA', '06', 'Baladiyat ar Rayyan'),
(2734, 'QA', '08', 'Madinat ash Shamal'),
(2735, 'QA', '09', 'Baladiyat Umm Salal'),
(2736, 'QA', '10', 'Al Wakrah'),
(2737, 'QA', '13', 'Baladiyat az Za`ayin'),
(2738, 'RE', 'RE', 'Reunion'),
(2739, 'RO', '01', 'Alba'),
(2740, 'RO', '02', 'Arad'),
(2741, 'RO', '03', 'Arges'),
(2742, 'RO', '04', 'Bacau'),
(2743, 'RO', '05', 'Bihor'),
(2744, 'RO', '06', 'Bistrita-Nasaud'),
(2745, 'RO', '07', 'Botosani'),
(2746, 'RO', '08', 'Braila'),
(2747, 'RO', '09', 'Brasov'),
(2748, 'RO', '10', 'Bucuresti'),
(2749, 'RO', '11', 'Buzau'),
(2750, 'RO', '12', 'Caras-Severin'),
(2751, 'RO', '13', 'Cluj'),
(2752, 'RO', '14', 'Constanta'),
(2753, 'RO', '15', 'Covasna'),
(2754, 'RO', '16', 'Dambovita'),
(2755, 'RO', '17', 'Dolj'),
(2756, 'RO', '18', 'Galati'),
(2757, 'RO', '19', 'Gorj'),
(2758, 'RO', '20', 'Harghita'),
(2759, 'RO', '21', 'Hunedoara'),
(2760, 'RO', '22', 'Ialomita'),
(2761, 'RO', '23', 'Iasi'),
(2762, 'RO', '25', 'Maramures'),
(2763, 'RO', '26', 'Mehedinti'),
(2764, 'RO', '27', 'Mures'),
(2765, 'RO', '28', 'Neamt'),
(2766, 'RO', '29', 'Olt'),
(2767, 'RO', '30', 'Prahova'),
(2768, 'RO', '31', 'Salaj'),
(2769, 'RO', '32', 'Satu Mare'),
(2770, 'RO', '33', 'Sibiu'),
(2771, 'RO', '34', 'Suceava'),
(2772, 'RO', '35', 'Teleorman'),
(2773, 'RO', '36', 'Timis'),
(2774, 'RO', '37', 'Tulcea'),
(2775, 'RO', '38', 'Vaslui'),
(2776, 'RO', '39', 'Valcea'),
(2777, 'RO', '40', 'Vrancea'),
(2778, 'RO', '41', 'Calarasi'),
(2779, 'RO', '42', 'Giurgiu'),
(2780, 'RO', '43', 'Ilfov'),
(2781, 'RS', 'SE', 'Central Serbia'),
(2782, 'RS', 'VO', 'Autonomna Pokrajina Vojvodina'),
(2783, 'RU', '01', 'Adygeya'),
(2784, 'RU', '03', 'Altay'),
(2785, 'RU', '04', 'Altai Krai'),
(2786, 'RU', '05', 'Amur'),
(2787, 'RU', '06', 'Arkhangelskaya'),
(2788, 'RU', '07', 'Astrakhan'),
(2789, 'RU', '08', 'Bashkortostan'),
(2790, 'RU', '09', 'Belgorod'),
(2791, 'RU', '10', 'Brjansk'),
(2792, 'RU', '11', 'Respublika Buryatiya'),
(2793, 'RU', '12', 'Chechnya'),
(2794, 'RU', '13', 'Chelyabinsk'),
(2795, 'RU', '15', 'Chukotskiy Avtonomnyy Okrug'),
(2796, 'RU', '16', 'Chuvashia'),
(2797, 'RU', '17', 'Dagestan'),
(2798, 'RU', '19', 'Ingushetiya'),
(2799, 'RU', '20', 'Irkutsk'),
(2800, 'RU', '21', 'Ivanovo'),
(2801, 'RU', '22', 'Kabardino-Balkariya'),
(2802, 'RU', '23', 'Kaliningrad'),
(2803, 'RU', '24', 'Kalmykiya'),
(2804, 'RU', '25', 'Kaluga'),
(2805, 'RU', '27', 'Karachayevo-Cherkesiya'),
(2806, 'RU', '28', 'Republic of Karelia'),
(2807, 'RU', '29', 'Kemerovo'),
(2808, 'RU', '30', 'Khabarovsk Krai'),
(2809, 'RU', '31', 'Khakasiya'),
(2810, 'RU', '32', 'Khanty-Mansiyskiy Avtonomnyy Okrug'),
(2811, 'RU', '33', 'Kirov'),
(2812, 'RU', '34', 'Komi Republic'),
(2813, 'RU', '37', 'Kostroma'),
(2814, 'RU', '38', 'Krasnodarskiy'),
(2815, 'RU', '40', 'Kurgan'),
(2816, 'RU', '41', 'Kursk'),
(2817, 'RU', '42', 'Leningrad'),
(2818, 'RU', '43', 'Lipetsk'),
(2819, 'RU', '44', 'Magadan'),
(2820, 'RU', '45', 'Mariy-El'),
(2821, 'RU', '46', 'Mordoviya'),
(2822, 'RU', '47', 'Moskovskaya'),
(2823, 'RU', '48', 'Moscow'),
(2824, 'RU', '49', 'Murmansk'),
(2825, 'RU', '50', 'Nenetskiy Avtonomnyy Okrug'),
(2826, 'RU', '51', 'Nizjnij Novgorod'),
(2827, 'RU', '52', 'Novgorod'),
(2828, 'RU', '53', 'Novosibirsk'),
(2829, 'RU', '54', 'Omsk'),
(2830, 'RU', '55', 'Orenburg'),
(2831, 'RU', '56', 'Orjol'),
(2832, 'RU', '57', 'Penza'),
(2833, 'RU', '59', 'Primorskiy'),
(2834, 'RU', '60', 'Pskov'),
(2835, 'RU', '61', 'Rostov'),
(2836, 'RU', '62', 'Rjazan'),
(2837, 'RU', '63', 'Sakha'),
(2838, 'RU', '64', 'Sakhalin'),
(2839, 'RU', '65', 'Samara'),
(2840, 'RU', '66', '-Petersburg'),
(2841, 'RU', '67', 'Saratov'),
(2842, 'RU', '68', 'North Ossetia'),
(2843, 'RU', '69', 'Smolensk'),
(2844, 'RU', '70', 'Stavropol''skiy'),
(2845, 'RU', '71', 'Sverdlovsk'),
(2846, 'RU', '72', 'Tambov'),
(2847, 'RU', '73', 'Tatarstan'),
(2848, 'RU', '75', 'Tomsk'),
(2849, 'RU', '76', 'Tula'),
(2850, 'RU', '77', 'Tverskaya'),
(2851, 'RU', '78', 'Tjumen'),
(2852, 'RU', '79', 'Tyva'),
(2853, 'RU', '80', 'Udmurtiya'),
(2854, 'RU', '81', 'Ulyanovsk'),
(2855, 'RU', '83', 'Vladimir'),
(2856, 'RU', '84', 'Volgograd'),
(2857, 'RU', '85', 'Vologda'),
(2858, 'RU', '86', 'Voronezj'),
(2859, 'RU', '87', 'Yamalo-Nenetskiy Avtonomnyy Okrug'),
(2860, 'RU', '88', 'Jaroslavl'),
(2861, 'RU', '89', 'Jewish Autonomous Oblast'),
(2862, 'RU', '90', 'Perm'),
(2863, 'RU', '91', 'Krasnoyarskiy'),
(2864, 'RU', '92', 'Kamtsjatka'),
(2865, 'RU', '93', 'Transbaikal Territory'),
(2866, 'RW', '11', 'Eastern Province'),
(2867, 'RW', '12', 'Kigali'),
(2868, 'RW', '13', 'Northern Province'),
(2869, 'RW', '14', 'Western Province'),
(2870, 'RW', '15', 'Southern Province'),
(2871, 'SA', '02', 'Mintaqat al Bahah'),
(2872, 'SA', '05', 'Al Madinah al Munawwarah'),
(2873, 'SA', '06', 'Eastern Province'),
(2874, 'SA', '08', 'Al-Qassim'),
(2875, 'SA', '10', 'Ar Riyad'),
(2876, 'SA', '11', 'Mintaqat `Asir'),
(2877, 'SA', '13', 'Mintaqat Ha''il'),
(2878, 'SA', '14', 'Makkah'),
(2879, 'SA', '15', 'Northern Borders'),
(2880, 'SA', '16', 'Najran'),
(2881, 'SA', '17', 'Jizan'),
(2882, 'SA', '19', 'Mintaqat Tabuk'),
(2883, 'SA', '20', 'Al Jawf'),
(2884, 'SB', '03', 'Malaita'),
(2885, 'SB', '06', 'Guadalcanal'),
(2886, 'SB', '07', 'Isabel'),
(2887, 'SB', '08', 'Makira'),
(2888, 'SB', '09', 'Temotu'),
(2889, 'SB', '10', 'Central Province'),
(2890, 'SB', '11', 'Western Province'),
(2891, 'SB', '12', 'Choiseul'),
(2892, 'SB', '13', 'Rennell and Bellona'),
(2893, 'SB', '14', 'Honiara'),
(2894, 'SC', '01', 'Anse-aux-Pins'),
(2895, 'SC', '02', 'Anse Boileau'),
(2896, 'SC', '03', 'Anse Etoile'),
(2897, 'SC', '05', 'Anse Royale'),
(2898, 'SC', '06', 'Baie Lazare'),
(2899, 'SC', '07', 'Baie Sainte Anne'),
(2900, 'SC', '08', 'Beau Vallon'),
(2901, 'SC', '09', 'Bel Air'),
(2902, 'SC', '10', 'Bel Ombre'),
(2903, 'SC', '11', 'Cascade'),
(2904, 'SC', '12', 'Glacis'),
(2905, 'SC', '14', 'Grand Anse Praslin'),
(2906, 'SC', '17', 'Mont Buxton'),
(2907, 'SC', '18', 'Mont Fleuri'),
(2908, 'SC', '19', 'Plaisance'),
(2909, 'SC', '20', 'Pointe Larue'),
(2910, 'SC', '22', 'Saint Louis'),
(2911, 'SC', '23', 'Takamaka'),
(2912, 'SC', '24', 'Grand Anse Mahe'),
(2913, 'SC', '25', 'Inner Islands'),
(2914, 'SC', '26', 'English River'),
(2915, 'SC', '27', 'Port Glaud'),
(2916, 'SC', '28', 'Au Cap'),
(2917, 'SC', '29', 'Les Mamelles'),
(2918, 'SC', '30', 'Roche Caiman'),
(2919, 'SD', '29', 'Khartoum'),
(2920, 'SD', '36', 'Red Sea'),
(2921, 'SD', '38', 'Al Jazirah'),
(2922, 'SD', '39', 'Al Qadarif'),
(2923, 'SD', '41', 'White Nile'),
(2924, 'SD', '42', 'Blue Nile'),
(2925, 'SD', '43', 'Northern State'),
(2926, 'SD', '47', 'Western Darfur'),
(2927, 'SD', '49', 'Southern Darfur'),
(2928, 'SD', '50', 'Southern Kordofan'),
(2929, 'SD', '52', 'Kassala'),
(2930, 'SD', '53', 'River Nile'),
(2931, 'SD', '55', 'Northern Darfur'),
(2932, 'SD', '56', 'Shamal Kurdufan'),
(2933, 'SD', '58', 'Sinnar'),
(2934, 'SD', '60', 'Eastern Darfur'),
(2935, 'SD', '61', 'Central Darfur'),
(2936, 'SE', '02', 'Blekinge'),
(2937, 'SE', '03', 'Gaevleborg'),
(2938, 'SE', '05', 'Gotland'),
(2939, 'SE', '06', 'Halland'),
(2940, 'SE', '07', 'Jaemtland'),
(2941, 'SE', '08', 'Joenkoeping'),
(2942, 'SE', '09', 'Kalmar'),
(2943, 'SE', '10', 'Dalarna'),
(2944, 'SE', '12', 'Kronoberg'),
(2945, 'SE', '14', 'Norrbotten'),
(2946, 'SE', '15', 'OErebro'),
(2947, 'SE', '16', 'OEstergoetland'),
(2948, 'SE', '18', 'Soedermanland'),
(2949, 'SE', '21', 'Uppsala'),
(2950, 'SE', '22', 'Vaermland'),
(2951, 'SE', '23', 'Vaesterbotten'),
(2952, 'SE', '24', 'Vaesternorrland'),
(2953, 'SE', '25', 'Vaestmanland'),
(2954, 'SE', '26', 'Stockholm'),
(2955, 'SE', '27', 'Skane'),
(2956, 'SE', '28', 'Vaestra Goetaland'),
(2957, 'SG', '01', 'Central Singapore'),
(2958, 'SG', '02', 'North East'),
(2959, 'SG', '03', 'North West'),
(2960, 'SG', '04', 'South East'),
(2961, 'SG', '05', 'South West'),
(2962, 'SH', '01', 'Ascension'),
(2963, 'SH', '02', 'Saint Helena'),
(2964, 'SH', '03', 'Tristan da Cunha'),
(2965, 'SI', '01', 'Ajdovscina'),
(2966, 'SI', '02', 'Beltinci'),
(2967, 'SI', '03', 'Bled'),
(2968, 'SI', '04', 'Bohinj'),
(2969, 'SI', '05', 'Borovnica'),
(2970, 'SI', '06', 'Bovec'),
(2971, 'SI', '07', 'Brda'),
(2972, 'SI', '08', 'Brezice'),
(2973, 'SI', '09', 'Brezovica'),
(2974, 'SI', '11', 'Celje'),
(2975, 'SI', '12', 'Cerklje na Gorenjskem'),
(2976, 'SI', '13', 'Cerknica'),
(2977, 'SI', '14', 'Cerkno'),
(2978, 'SI', '15', 'Crensovci'),
(2979, 'SI', '16', 'Crna na Koroskem'),
(2980, 'SI', '17', 'Crnomelj'),
(2981, 'SI', '19', 'Divaca'),
(2982, 'SI', '20', 'Dobrepolje'),
(2983, 'SI', '22', 'Dol pri Ljubljani'),
(2984, 'SI', '24', 'Dornava'),
(2985, 'SI', '25', 'Dravograd'),
(2986, 'SI', '26', 'Duplek'),
(2987, 'SI', '27', 'Gorenja Vas-Poljane'),
(2988, 'SI', '28', 'Gorisnica'),
(2989, 'SI', '29', 'Gornja Radgona'),
(2990, 'SI', '30', 'Gornji Grad'),
(2991, 'SI', '31', 'Gornji Petrovci'),
(2992, 'SI', '32', 'Grosuplje'),
(2993, 'SI', '34', 'Hrastnik'),
(2994, 'SI', '35', 'Hrpelje-Kozina'),
(2995, 'SI', '36', 'Idrija'),
(2996, 'SI', '37', 'Ig'),
(2997, 'SI', '38', 'Ilirska Bistrica'),
(2998, 'SI', '39', 'Ivancna Gorica'),
(2999, 'SI', '40', 'Izola-Isola'),
(3000, 'SI', '42', 'Jursinci'),
(3001, 'SI', '44', 'Kanal'),
(3002, 'SI', '45', 'Kidricevo'),
(3003, 'SI', '46', 'Kobarid'),
(3004, 'SI', '47', 'Kobilje'),
(3005, 'SI', '49', 'Komen'),
(3006, 'SI', '50', 'Koper-Capodistria'),
(3007, 'SI', '51', 'Kozje'),
(3008, 'SI', '52', 'Kranj'),
(3009, 'SI', '53', 'Kranjska Gora'),
(3010, 'SI', '54', 'Krsko'),
(3011, 'SI', '55', 'Kungota'),
(3012, 'SI', '57', 'Lasko'),
(3013, 'SI', '61', 'Ljubljana'),
(3014, 'SI', '62', 'Ljubno'),
(3015, 'SI', '64', 'Logatec'),
(3016, 'SI', '66', 'Loski Potok'),
(3017, 'SI', '68', 'Lukovica'),
(3018, 'SI', '71', 'Medvode'),
(3019, 'SI', '72', 'Menges'),
(3020, 'SI', '73', 'Metlika'),
(3021, 'SI', '74', 'Mezica'),
(3022, 'SI', '76', 'Mislinja'),
(3023, 'SI', '77', 'Moravce'),
(3024, 'SI', '78', 'Moravske Toplice'),
(3025, 'SI', '79', 'Mozirje'),
(3026, 'SI', '80', 'Murska Sobota'),
(3027, 'SI', '81', 'Muta'),
(3028, 'SI', '82', 'Naklo'),
(3029, 'SI', '83', 'Nazarje'),
(3030, 'SI', '84', 'Nova Gorica'),
(3031, 'SI', '86', 'Odranci'),
(3032, 'SI', '87', 'Ormoz'),
(3033, 'SI', '88', 'Osilnica'),
(3034, 'SI', '89', 'Pesnica'),
(3035, 'SI', '91', 'Pivka'),
(3036, 'SI', '92', 'Podcetrtek'),
(3037, 'SI', '94', 'Postojna'),
(3038, 'SI', '97', 'Puconci'),
(3039, 'SI', '98', 'Race-Fram'),
(3040, 'SI', '99', 'Radece'),
(3041, 'SI', 'A1', 'Radenci'),
(3042, 'SI', 'A2', 'Radlje ob Dravi'),
(3043, 'SI', 'A3', 'Radovljica'),
(3044, 'SI', 'A6', 'Rogasovci'),
(3045, 'SI', 'A7', 'Rogaska Slatina'),
(3046, 'SI', 'A8', 'Rogatec'),
(3047, 'SI', 'B1', 'Semic'),
(3048, 'SI', 'B2', 'Sencur'),
(3049, 'SI', 'B3', 'Sentilj'),
(3050, 'SI', 'B4', 'Sentjernej'),
(3051, 'SI', 'B6', 'Sevnica'),
(3052, 'SI', 'B7', 'Sezana'),
(3053, 'SI', 'B8', 'Skocjan'),
(3054, 'SI', 'B9', 'Skofja Loka'),
(3055, 'SI', 'C1', 'Skofljica'),
(3056, 'SI', 'C2', 'Slovenj Gradec'),
(3057, 'SI', 'C4', 'Slovenska Konjice'),
(3058, 'SI', 'C5', 'Smarje pri Jelsah'),
(3059, 'SI', 'C6', 'Smartno ob Paki'),
(3060, 'SI', 'C7', 'Sostanj'),
(3061, 'SI', 'C8', 'Starse'),
(3062, 'SI', 'C9', 'Store'),
(3063, 'SI', 'D1', 'Sveti Jurij'),
(3064, 'SI', 'D2', 'Tolmin'),
(3065, 'SI', 'D3', 'Trbovlje'),
(3066, 'SI', 'D4', 'Trebnje'),
(3067, 'SI', 'D5', 'Trzic'),
(3068, 'SI', 'D6', 'Turnisce'),
(3069, 'SI', 'D7', 'Velenje'),
(3070, 'SI', 'D8', 'Velike Lasce'),
(3071, 'SI', 'E1', 'Vipava'),
(3072, 'SI', 'E2', 'Vitanje'),
(3073, 'SI', 'E3', 'Vodice'),
(3074, 'SI', 'E5', 'Vrhnika'),
(3075, 'SI', 'E6', 'Vuzenica'),
(3076, 'SI', 'E7', 'Zagorje ob Savi'),
(3077, 'SI', 'E9', 'Zavrc'),
(3078, 'SI', 'F1', 'Zelezniki'),
(3079, 'SI', 'F2', 'Ziri'),
(3080, 'SI', 'F3', 'Zrece'),
(3081, 'SI', 'F4', 'Benedikt'),
(3082, 'SI', 'F5', 'Bistrica ob Sotli'),
(3083, 'SI', 'F6', 'Bloke'),
(3084, 'SI', 'F7', 'Braslovce'),
(3085, 'SI', 'F8', 'Cankova'),
(3086, 'SI', 'F9', 'Cerkvenjak'),
(3087, 'SI', 'G1', 'Destrnik'),
(3088, 'SI', 'G2', 'Dobje'),
(3089, 'SI', 'G3', 'Dobrna'),
(3090, 'SI', 'G4', 'Dobrova-Horjul-Polhov Gradec'),
(3091, 'SI', 'G5', 'Dobrovnik-Dobronak'),
(3092, 'SI', 'G6', 'Dolenjske Toplice'),
(3093, 'SI', 'G7', 'Domzale'),
(3094, 'SI', 'G8', 'Grad'),
(3095, 'SI', 'G9', 'Hajdina'),
(3096, 'SI', 'H1', 'Hoce-Slivnica'),
(3097, 'SI', 'H2', 'Hodos-Hodos'),
(3098, 'SI', 'H3', 'Horjul'),
(3099, 'SI', 'H4', 'Jesenice'),
(3100, 'SI', 'H5', 'Jezersko'),
(3101, 'SI', 'H6', 'Kamnik'),
(3102, 'SI', 'H7', 'Kocevje'),
(3103, 'SI', 'H8', 'Komenda'),
(3104, 'SI', 'H9', 'Kostel'),
(3105, 'SI', 'I1', 'Krizevci'),
(3106, 'SI', 'I2', 'Kuzma'),
(3107, 'SI', 'I3', 'Lenart'),
(3108, 'SI', 'I4', 'Lendava-Lendva'),
(3109, 'SI', 'I5', 'Litija'),
(3110, 'SI', 'I6', 'Ljutomer'),
(3111, 'SI', 'I7', 'Loska Dolina'),
(3112, 'SI', 'I8', 'Lovrenc na Pohorju'),
(3113, 'SI', 'I9', 'Luce'),
(3114, 'SI', 'J1', 'Majsperk'),
(3115, 'SI', 'J2', 'Maribor'),
(3116, 'SI', 'J3', 'Markovci'),
(3117, 'SI', 'J4', 'Miklavz na Dravskem Polju'),
(3118, 'SI', 'J5', 'Miren-Kostanjevica'),
(3119, 'SI', 'J6', 'Mirna Pec'),
(3120, 'SI', 'J7', 'Novo Mesto'),
(3121, 'SI', 'J8', 'Oplotnica'),
(3122, 'SI', 'J9', 'Piran-Pirano'),
(3123, 'SI', 'K1', 'Podlehnik'),
(3124, 'SI', 'K2', 'Podvelka'),
(3125, 'SI', 'K3', 'Polzela'),
(3126, 'SI', 'K4', 'Prebold'),
(3127, 'SI', 'K5', 'Preddvor'),
(3128, 'SI', 'K6', 'Prevalje'),
(3129, 'SI', 'K7', 'Ptuj'),
(3130, 'SI', 'K8', 'Ravne na Koroskem'),
(3131, 'SI', 'K9', 'Razkrizje'),
(3132, 'SI', 'L1', 'Ribnica'),
(3133, 'SI', 'L2', 'Ribnica na Pohorju'),
(3134, 'SI', 'L3', 'Ruse'),
(3135, 'SI', 'L4', 'Salovci'),
(3136, 'SI', 'L5', 'Selnica ob Dravi'),
(3137, 'SI', 'L6', 'Sempeter-Vrtojba'),
(3138, 'SI', 'L7', 'Sentjur pri Celju'),
(3139, 'SI', 'L8', 'Slovenska Bistrica'),
(3140, 'SI', 'L9', 'Smartno pri Litiji'),
(3141, 'SI', 'M1', 'Sodrazica'),
(3142, 'SI', 'M2', 'Solcava'),
(3143, 'SI', 'M3', 'Sveta Ana'),
(3144, 'SI', 'M4', 'Sveti Andraz v Slovenskih Goricah'),
(3145, 'SI', 'M5', 'Tabor'),
(3146, 'SI', 'M6', 'Tisina'),
(3147, 'SI', 'M7', 'Trnovska Vas'),
(3148, 'SI', 'M8', 'Trzin'),
(3149, 'SI', 'M9', 'Velika Polana'),
(3150, 'SI', 'N1', 'Verzej'),
(3151, 'SI', 'N2', 'Videm'),
(3152, 'SI', 'N3', 'Vojnik'),
(3153, 'SI', 'N4', 'Vransko'),
(3154, 'SI', 'N5', 'Zalec'),
(3155, 'SI', 'N6', 'Zetale'),
(3156, 'SI', 'N7', 'Zirovnica'),
(3157, 'SI', 'N8', 'Zuzemberk'),
(3158, 'SI', 'N9', 'Apace'),
(3159, 'SI', 'O1', 'Cirkulane'),
(3160, 'SI', 'O2', 'Gorje'),
(3161, 'SI', 'O3', 'Kostanjevica na Krki'),
(3162, 'SI', 'O4', 'Log-Dragomer'),
(3163, 'SI', 'O5', 'Makole'),
(3164, 'SI', 'O7', 'Mokronog-Trebelno'),
(3165, 'SI', 'O8', 'Poljcane'),
(3166, 'SI', 'O9', 'Recica ob Savinji'),
(3167, 'SI', 'P1', 'Rence-Vogrsko'),
(3168, 'SI', 'P2', 'Sentrupert'),
(3169, 'SI', 'P3', 'Smarjeske Toplice'),
(3170, 'SI', 'P4', 'Sredisce ob Dravi'),
(3171, 'SI', 'P5', 'Straza'),
(3172, 'SI', 'P6', 'Sveta Trojica v Slovenskih Goricah'),
(3173, 'SI', 'P7', 'Sveti Jurij v Slovenskih Goricah');
INSERT INTO `states` (`id`, `country_code`, `state_code`, `state_name`) VALUES
(3174, 'SI', 'P8', 'Sveti Tomaz'),
(3175, 'SJ', '21', 'Svalbard'),
(3176, 'SJ', '22', 'Jan Mayen'),
(3177, 'SK', '01', 'Banskobystricky'),
(3178, 'SK', '02', 'Bratislavsky'),
(3179, 'SK', '03', 'Kosicky'),
(3180, 'SK', '04', 'Nitriansky'),
(3181, 'SK', '05', 'Presovsky'),
(3182, 'SK', '06', 'Trenciansky'),
(3183, 'SK', '07', 'Trnavsky'),
(3184, 'SK', '08', 'Zilinsky'),
(3185, 'SL', '01', 'Eastern Province'),
(3186, 'SL', '02', 'Northern Province'),
(3187, 'SL', '03', 'Southern Province'),
(3188, 'SL', '04', 'Western Area'),
(3189, 'SM', '01', 'Acquaviva'),
(3190, 'SM', '02', 'Chiesanuova'),
(3191, 'SM', '03', 'Domagnano'),
(3192, 'SM', '04', 'Faetano'),
(3193, 'SM', '05', 'Fiorentino'),
(3194, 'SM', '06', 'Borgo Maggiore'),
(3195, 'SM', '07', 'San Marino'),
(3196, 'SM', '08', 'Montegiardino'),
(3197, 'SM', '09', 'Serravalle'),
(3198, 'SN', '01', 'Dakar'),
(3199, 'SN', '03', 'Diourbel'),
(3200, 'SN', '05', 'Tambacounda'),
(3201, 'SN', '07', 'Thies'),
(3202, 'SN', '09', 'Fatick'),
(3203, 'SN', '10', 'Kaolack'),
(3204, 'SN', '11', 'Kolda'),
(3205, 'SN', '12', 'Ziguinchor'),
(3206, 'SN', '13', 'Louga'),
(3207, 'SN', '14', 'Saint-Louis'),
(3208, 'SN', '15', 'Matam'),
(3209, 'SN', '16', 'Kaffrine'),
(3210, 'SN', '17', 'Kedougou'),
(3211, 'SN', '18', 'Sedhiou'),
(3212, 'SO', '01', 'Bakool'),
(3213, 'SO', '02', 'Banaadir'),
(3214, 'SO', '03', 'Bari'),
(3215, 'SO', '04', 'Bay'),
(3216, 'SO', '05', 'Galguduud'),
(3217, 'SO', '06', 'Gedo'),
(3218, 'SO', '07', 'Hiiraan'),
(3219, 'SO', '08', 'Middle Juba'),
(3220, 'SO', '09', 'Lower Juba'),
(3221, 'SO', '10', 'Mudug'),
(3222, 'SO', '12', 'Sanaag'),
(3223, 'SO', '13', 'Middle Shabele'),
(3224, 'SO', '14', 'Lower Shabeelle'),
(3225, 'SO', '18', 'Nugaal'),
(3226, 'SO', '19', 'Togdheer'),
(3227, 'SO', '20', 'Woqooyi Galbeed'),
(3228, 'SO', '21', 'Awdal'),
(3229, 'SO', '22', 'Sool'),
(3230, 'SR', '10', 'Brokopondo'),
(3231, 'SR', '11', 'Commewijne'),
(3232, 'SR', '12', 'Coronie'),
(3233, 'SR', '13', 'Marowijne'),
(3234, 'SR', '14', 'Nickerie'),
(3235, 'SR', '15', 'Para'),
(3236, 'SR', '16', 'Paramaribo'),
(3237, 'SR', '17', 'Saramacca'),
(3238, 'SR', '18', 'Sipaliwini'),
(3239, 'SR', '19', 'Wanica'),
(3240, 'SS', '01', 'Central Equatoria'),
(3241, 'SS', '02', 'Eastern Equatoria'),
(3242, 'SS', '03', 'Jonglei'),
(3243, 'SS', '04', 'Lakes'),
(3244, 'SS', '05', 'Northern Bahr al Ghazal'),
(3245, 'SS', '06', 'Unity'),
(3246, 'SS', '07', 'Upper Nile'),
(3247, 'SS', '08', 'Warrap'),
(3248, 'SS', '09', 'Western Bahr al Ghazal'),
(3249, 'SS', '10', 'Western Equatoria'),
(3250, 'ST', '01', 'Principe'),
(3251, 'ST', '02', 'Sao Tome Island'),
(3252, 'SV', '01', 'Ahuachapan'),
(3253, 'SV', '02', 'Cabanas'),
(3254, 'SV', '03', 'Chalatenango'),
(3255, 'SV', '04', 'Cuscatlan'),
(3256, 'SV', '05', 'La Libertad'),
(3257, 'SV', '06', 'La Paz'),
(3258, 'SV', '07', 'La Union'),
(3259, 'SV', '08', 'Morazan'),
(3260, 'SV', '09', 'San Miguel'),
(3261, 'SV', '10', 'San Salvador'),
(3262, 'SV', '11', 'Santa Ana'),
(3263, 'SV', '12', 'San Vicente'),
(3264, 'SV', '13', 'Sonsonate'),
(3265, 'SV', '14', 'Usulutan'),
(3266, 'SX', '00', 'N/A'),
(3267, 'SY', '01', 'Al-Hasakah'),
(3268, 'SY', '02', 'Latakia'),
(3269, 'SY', '03', 'Quneitra'),
(3270, 'SY', '04', 'Ar-Raqqah'),
(3271, 'SY', '05', 'As-Suwayda'),
(3272, 'SY', '06', 'Daraa'),
(3273, 'SY', '07', 'Deir ez-Zor'),
(3274, 'SY', '08', 'Rif-dimashq'),
(3275, 'SY', '09', 'Aleppo'),
(3276, 'SY', '10', 'Hama'),
(3277, 'SY', '11', 'Homs'),
(3278, 'SY', '12', 'Idlib'),
(3279, 'SY', '13', 'Dimashq'),
(3280, 'SY', '14', 'Tartus'),
(3281, 'SZ', '01', 'Hhohho'),
(3282, 'SZ', '02', 'Lubombo'),
(3283, 'SZ', '03', 'Manzini'),
(3284, 'SZ', '04', 'Shiselweni'),
(3285, 'TC', '00', 'N/A'),
(3286, 'TD', '01', 'Batha'),
(3287, 'TD', '02', 'Biltine'),
(3288, 'TD', '05', 'Guera'),
(3289, 'TD', '06', 'Kanem'),
(3290, 'TD', '07', 'Lac'),
(3291, 'TD', '08', 'Logone Occidental'),
(3292, 'TD', '09', 'Logone Oriental'),
(3293, 'TD', '12', 'Ouaddai'),
(3294, 'TD', '13', 'Salamat'),
(3295, 'TD', '14', 'Tandjile'),
(3296, 'TD', '15', 'Chari-Baguirmi'),
(3297, 'TD', '16', 'Mayo-Kebbi Est'),
(3298, 'TD', '17', 'Moyen-Chari'),
(3299, 'TD', '18', 'Hadjer-Lamis'),
(3300, 'TD', '19', 'Mandoul'),
(3301, 'TD', '20', 'Mayo-Kebbi Ouest'),
(3302, 'TD', '21', 'Region de la Ville de N''Djamena'),
(3303, 'TD', '22', 'Barh el Gazel'),
(3304, 'TD', '23', 'Borkou'),
(3305, 'TD', '25', 'Sila'),
(3306, 'TD', '26', 'Tibesti'),
(3307, 'TD', '27', 'Ennedi-Est'),
(3308, 'TD', '28', 'Ennedi-Ouest'),
(3309, 'TF', '01', 'Saint-Paul-et-Amsterdam'),
(3310, 'TF', '02', 'Crozet'),
(3311, 'TF', '03', 'Kerguelen'),
(3312, 'TF', '04', 'Terre-Adelie'),
(3313, 'TF', '05', 'Iles Eparses'),
(3314, 'TG', '22', 'Centrale'),
(3315, 'TG', '23', 'Kara'),
(3316, 'TG', '24', 'Maritime'),
(3317, 'TG', '25', 'Plateaux'),
(3318, 'TG', '26', 'Savanes'),
(3319, 'TH', '01', 'Mae Hong Son'),
(3320, 'TH', '02', 'Chiang Mai'),
(3321, 'TH', '03', 'Chiang Rai'),
(3322, 'TH', '04', 'Nan'),
(3323, 'TH', '05', 'Lamphun'),
(3324, 'TH', '06', 'Lampang'),
(3325, 'TH', '07', 'Phrae'),
(3326, 'TH', '08', 'Tak'),
(3327, 'TH', '09', 'Sukhothai'),
(3328, 'TH', '10', 'Uttaradit'),
(3329, 'TH', '11', 'Kamphaeng Phet'),
(3330, 'TH', '12', 'Phitsanulok'),
(3331, 'TH', '13', 'Phichit'),
(3332, 'TH', '14', 'Phetchabun'),
(3333, 'TH', '15', 'Uthai Thani'),
(3334, 'TH', '16', 'Nakhon Sawan'),
(3335, 'TH', '17', 'Nong Khai'),
(3336, 'TH', '18', 'Loei'),
(3337, 'TH', '20', 'Sakon Nakhon'),
(3338, 'TH', '22', 'Khon Kaen'),
(3339, 'TH', '23', 'Kalasin'),
(3340, 'TH', '24', 'Maha Sarakham'),
(3341, 'TH', '25', 'Roi Et'),
(3342, 'TH', '26', 'Chaiyaphum'),
(3343, 'TH', '27', 'Nakhon Ratchasima'),
(3344, 'TH', '28', 'Buriram'),
(3345, 'TH', '29', 'Surin'),
(3346, 'TH', '30', 'Sisaket'),
(3347, 'TH', '31', 'Narathiwat'),
(3348, 'TH', '32', 'Chai Nat'),
(3349, 'TH', '33', 'Sing Buri'),
(3350, 'TH', '34', 'Lop Buri'),
(3351, 'TH', '35', 'Ang Thong'),
(3352, 'TH', '36', 'Phra Nakhon Si Ayutthaya'),
(3353, 'TH', '37', 'Sara Buri'),
(3354, 'TH', '38', 'Nonthaburi'),
(3355, 'TH', '39', 'Pathum Thani'),
(3356, 'TH', '40', 'Bangkok'),
(3357, 'TH', '41', 'Phayao'),
(3358, 'TH', '42', 'Samut Prakan'),
(3359, 'TH', '43', 'Nakhon Nayok'),
(3360, 'TH', '44', 'Chachoengsao'),
(3361, 'TH', '46', 'Chon Buri'),
(3362, 'TH', '47', 'Rayong'),
(3363, 'TH', '48', 'Chanthaburi'),
(3364, 'TH', '49', 'Trat'),
(3365, 'TH', '50', 'Kanchanaburi'),
(3366, 'TH', '51', 'Suphan Buri'),
(3367, 'TH', '52', 'Ratchaburi'),
(3368, 'TH', '53', 'Nakhon Pathom'),
(3369, 'TH', '54', 'Samut Songkhram'),
(3370, 'TH', '55', 'Samut Sakhon'),
(3371, 'TH', '56', 'Phetchaburi'),
(3372, 'TH', '57', 'Prachuap Khiri Khan'),
(3373, 'TH', '58', 'Chumphon'),
(3374, 'TH', '59', 'Ranong'),
(3375, 'TH', '60', 'Surat Thani'),
(3376, 'TH', '61', 'Phangnga'),
(3377, 'TH', '62', 'Phuket'),
(3378, 'TH', '63', 'Krabi'),
(3379, 'TH', '64', 'Nakhon Si Thammarat'),
(3380, 'TH', '65', 'Trang'),
(3381, 'TH', '66', 'Phatthalung'),
(3382, 'TH', '67', 'Satun'),
(3383, 'TH', '68', 'Songkhla'),
(3384, 'TH', '69', 'Pattani'),
(3385, 'TH', '70', 'Yala'),
(3386, 'TH', '72', 'Yasothon'),
(3387, 'TH', '73', 'Nakhon Phanom'),
(3388, 'TH', '74', 'Prachin Buri'),
(3389, 'TH', '75', 'Changwat Ubon Ratchathani'),
(3390, 'TH', '76', 'Changwat Udon Thani'),
(3391, 'TH', '77', 'Amnat Charoen'),
(3392, 'TH', '78', 'Mukdahan'),
(3393, 'TH', '79', 'Changwat Nong Bua Lamphu'),
(3394, 'TH', '80', 'Sa Kaeo'),
(3395, 'TH', '81', 'Changwat Bueng Kan'),
(3396, 'TJ', '01', 'Gorno-Badakhshan'),
(3397, 'TJ', '02', 'Khatlon'),
(3398, 'TJ', '03', 'Viloyati Sughd'),
(3399, 'TJ', '7280679', 'Dushanbe'),
(3400, 'TJ', 'RR', 'Republican Subordination'),
(3401, 'TK', 'A', 'Atafu'),
(3402, 'TK', 'F', 'Fakaofo'),
(3403, 'TK', 'N', 'Nukunonu'),
(3404, 'TL', 'AL', 'Aileu'),
(3405, 'TL', 'AN', 'Ainaro'),
(3406, 'TL', 'BA', 'Baucau'),
(3407, 'TL', 'BO', 'Bobonaro'),
(3408, 'TL', 'CO', 'Cova Lima'),
(3409, 'TL', 'DI', 'Dili'),
(3410, 'TL', 'ER', 'Ermera'),
(3411, 'TL', 'LA', 'Lautem'),
(3412, 'TL', 'LI', 'Liquica'),
(3413, 'TL', 'MF', 'Manufahi'),
(3414, 'TL', 'MT', 'Manatuto'),
(3415, 'TL', 'OE', 'Oecusse'),
(3416, 'TL', 'VI', 'Viqueque'),
(3417, 'TM', '01', 'Ahal'),
(3418, 'TM', '02', 'Balkan'),
(3419, 'TM', '03', 'Dasoguz'),
(3420, 'TM', '04', 'Lebap'),
(3421, 'TM', '05', 'Mary'),
(3422, 'TN', '02', 'Al Qasrayn'),
(3423, 'TN', '03', 'Al Qayrawan'),
(3424, 'TN', '06', 'Jundubah'),
(3425, 'TN', '14', 'Kef'),
(3426, 'TN', '15', 'Al Mahdiyah'),
(3427, 'TN', '16', 'Al Munastir'),
(3428, 'TN', '17', 'Bajah'),
(3429, 'TN', '18', 'Banzart'),
(3430, 'TN', '19', 'Nabul'),
(3431, 'TN', '22', 'Silyanah'),
(3432, 'TN', '23', 'Susah'),
(3433, 'TN', '27', 'Bin ''Arus'),
(3434, 'TN', '28', 'Madanin'),
(3435, 'TN', '29', 'Qabis'),
(3436, 'TN', '30', 'Gafsa'),
(3437, 'TN', '31', 'Qibili'),
(3438, 'TN', '32', 'Safaqis'),
(3439, 'TN', '33', 'Sidi Bu Zayd'),
(3440, 'TN', '34', 'Tataouine'),
(3441, 'TN', '35', 'Tawzar'),
(3442, 'TN', '36', 'Tunis'),
(3443, 'TN', '37', 'Zaghwan'),
(3444, 'TN', '38', 'Ariana'),
(3445, 'TN', '39', 'Manouba'),
(3446, 'TO', '01', 'Ha`apai'),
(3447, 'TO', '02', 'Tongatapu'),
(3448, 'TO', '03', 'Vava`u'),
(3449, 'TO', 'EU', '''Eua'),
(3450, 'TO', 'NI', 'Niuas'),
(3451, 'TR', '02', 'Adiyaman'),
(3452, 'TR', '03', 'Afyonkarahisar'),
(3453, 'TR', '04', 'Agri'),
(3454, 'TR', '05', 'Amasya'),
(3455, 'TR', '07', 'Antalya'),
(3456, 'TR', '08', 'Artvin'),
(3457, 'TR', '09', 'Aydin'),
(3458, 'TR', '10', 'Balikesir'),
(3459, 'TR', '11', 'Bilecik'),
(3460, 'TR', '12', 'Bingoel'),
(3461, 'TR', '13', 'Bitlis'),
(3462, 'TR', '14', 'Bolu'),
(3463, 'TR', '15', 'Burdur'),
(3464, 'TR', '16', 'Bursa'),
(3465, 'TR', '17', 'Canakkale'),
(3466, 'TR', '19', 'Corum'),
(3467, 'TR', '20', 'Denizli'),
(3468, 'TR', '21', 'Diyarbakir'),
(3469, 'TR', '22', 'Edirne'),
(3470, 'TR', '23', 'Elazig'),
(3471, 'TR', '24', 'Erzincan'),
(3472, 'TR', '25', 'Erzurum'),
(3473, 'TR', '26', 'Eskisehir'),
(3474, 'TR', '28', 'Giresun'),
(3475, 'TR', '31', 'Hatay'),
(3476, 'TR', '32', 'Mersin'),
(3477, 'TR', '33', 'Isparta'),
(3478, 'TR', '34', 'Istanbul'),
(3479, 'TR', '35', 'Izmir'),
(3480, 'TR', '37', 'Kastamonu'),
(3481, 'TR', '38', 'Kayseri'),
(3482, 'TR', '39', 'Kirklareli'),
(3483, 'TR', '40', 'Kirsehir'),
(3484, 'TR', '41', 'Kocaeli'),
(3485, 'TR', '43', 'Kuetahya'),
(3486, 'TR', '44', 'Malatya'),
(3487, 'TR', '45', 'Manisa'),
(3488, 'TR', '46', 'Kahramanmaras'),
(3489, 'TR', '48', 'Mugla'),
(3490, 'TR', '49', 'Mus'),
(3491, 'TR', '50', 'Nevsehir'),
(3492, 'TR', '52', 'Ordu'),
(3493, 'TR', '53', 'Rize'),
(3494, 'TR', '54', 'Sakarya'),
(3495, 'TR', '55', 'Samsun'),
(3496, 'TR', '57', 'Sinop'),
(3497, 'TR', '58', 'Sivas'),
(3498, 'TR', '59', 'Tekirdag'),
(3499, 'TR', '60', 'Tokat'),
(3500, 'TR', '61', 'Trabzon'),
(3501, 'TR', '62', 'Tunceli'),
(3502, 'TR', '63', 'Sanliurfa'),
(3503, 'TR', '64', 'Usak'),
(3504, 'TR', '65', 'Van'),
(3505, 'TR', '66', 'Yozgat'),
(3506, 'TR', '68', 'Ankara'),
(3507, 'TR', '69', 'Gumushane'),
(3508, 'TR', '70', 'Hakkari'),
(3509, 'TR', '71', 'Konya'),
(3510, 'TR', '72', 'Mardin'),
(3511, 'TR', '73', 'Nigde'),
(3512, 'TR', '74', 'Siirt'),
(3513, 'TR', '75', 'Aksaray'),
(3514, 'TR', '76', 'Batman'),
(3515, 'TR', '77', 'Bayburt'),
(3516, 'TR', '78', 'Karaman'),
(3517, 'TR', '79', 'Kirikkale'),
(3518, 'TR', '80', 'Sirnak'),
(3519, 'TR', '81', 'Adana'),
(3520, 'TR', '82', 'Cankiri'),
(3521, 'TR', '83', 'Gaziantep'),
(3522, 'TR', '84', 'Kars'),
(3523, 'TR', '85', 'Zonguldak'),
(3524, 'TR', '86', 'Ardahan'),
(3525, 'TR', '87', 'Bartin'),
(3526, 'TR', '88', 'Igdir'),
(3527, 'TR', '89', 'Karabuk'),
(3528, 'TR', '90', 'Kilis'),
(3529, 'TR', '91', 'Osmaniye'),
(3530, 'TR', '92', 'Yalova'),
(3531, 'TR', '93', 'Duzce'),
(3532, 'TT', '01', 'Borough of Arima'),
(3533, 'TT', '03', 'Mayaro'),
(3534, 'TT', '05', 'City of Port of Spain'),
(3535, 'TT', '10', 'City of San Fernando'),
(3536, 'TT', '11', 'Tobago'),
(3537, 'TT', 'CHA', 'Chaguanas'),
(3538, 'TT', 'CTT', 'Couva-Tabaquite-Talparo'),
(3539, 'TT', 'DMN', 'Diego Martin'),
(3540, 'TT', 'ETO', 'Eastern Tobago'),
(3541, 'TT', 'PED', 'Penal/Debe'),
(3542, 'TT', 'PRT', 'Princes Town'),
(3543, 'TT', 'PTF', 'Point Fortin'),
(3544, 'TT', 'SGE', 'Sangre Grande'),
(3545, 'TT', 'SIP', 'Siparia'),
(3546, 'TT', 'SJL', 'San Juan/Laventille'),
(3547, 'TT', 'TUP', 'Tunapuna/Piarco'),
(3548, 'TV', 'FUN', 'Funafuti'),
(3549, 'TV', 'NIT', 'Niutao'),
(3550, 'TV', 'NKF', 'Nukufetau'),
(3551, 'TV', 'NKL', 'Nukulaelae'),
(3552, 'TV', 'NMA', 'Nanumea'),
(3553, 'TV', 'NMG', 'Nanumanga'),
(3554, 'TV', 'NUI', 'Nui'),
(3555, 'TV', 'VAI', 'Vaitupu'),
(3556, 'TW', '01', 'Fukien'),
(3557, 'TW', '02', 'Kaohsiung'),
(3558, 'TW', '03', 'Taipei'),
(3559, 'TW', '04', 'Taiwan'),
(3560, 'TZ', '02', 'Pwani'),
(3561, 'TZ', '03', 'Dodoma'),
(3562, 'TZ', '04', 'Iringa'),
(3563, 'TZ', '05', 'Kigoma'),
(3564, 'TZ', '06', 'Kilimanjaro'),
(3565, 'TZ', '07', 'Lindi'),
(3566, 'TZ', '08', 'Mara'),
(3567, 'TZ', '09', 'Mbeya'),
(3568, 'TZ', '10', 'Morogoro'),
(3569, 'TZ', '11', 'Mtwara'),
(3570, 'TZ', '12', 'Mwanza'),
(3571, 'TZ', '13', 'Pemba North'),
(3572, 'TZ', '14', 'Ruvuma'),
(3573, 'TZ', '15', 'Shinyanga'),
(3574, 'TZ', '16', 'Singida'),
(3575, 'TZ', '17', 'Tabora'),
(3576, 'TZ', '18', 'Tanga'),
(3577, 'TZ', '19', 'Kagera'),
(3578, 'TZ', '20', 'Pemba South'),
(3579, 'TZ', '21', 'Zanzibar Central/South'),
(3580, 'TZ', '22', 'Zanzibar North'),
(3581, 'TZ', '23', 'Dar es Salaam'),
(3582, 'TZ', '24', 'Rukwa'),
(3583, 'TZ', '25', 'Zanzibar Urban/West'),
(3584, 'TZ', '26', 'Arusha'),
(3585, 'TZ', '27', 'Manyara'),
(3586, 'TZ', '28', 'Geita'),
(3587, 'TZ', '29', 'Katavi'),
(3588, 'TZ', '30', 'Njombe'),
(3589, 'TZ', '31', 'Simiyu'),
(3590, 'UA', '01', 'Cherkasy'),
(3591, 'UA', '02', 'Chernihiv'),
(3592, 'UA', '03', 'Chernivtsi'),
(3593, 'UA', '04', 'Dnipropetrovsk'),
(3594, 'UA', '05', 'Donetsk'),
(3595, 'UA', '06', 'Ivano-Frankivsk'),
(3596, 'UA', '07', 'Kharkiv'),
(3597, 'UA', '08', 'Kherson'),
(3598, 'UA', '09', 'Khmelnytskyi'),
(3599, 'UA', '10', 'Kirovohrad'),
(3600, 'UA', '11', 'Crimea'),
(3601, 'UA', '12', 'Kyiv City'),
(3602, 'UA', '13', 'Kiev'),
(3603, 'UA', '14', 'Luhansk'),
(3604, 'UA', '15', 'Lviv'),
(3605, 'UA', '16', 'Mykolaiv'),
(3606, 'UA', '17', 'Odessa'),
(3607, 'UA', '18', 'Poltava'),
(3608, 'UA', '19', 'Rivne'),
(3609, 'UA', '20', 'Misto Sevastopol'''),
(3610, 'UA', '21', 'Sumy'),
(3611, 'UA', '22', 'Ternopil'),
(3612, 'UA', '23', 'Vinnyts''ka'),
(3613, 'UA', '24', 'Volyn'),
(3614, 'UA', '25', 'Zakarpattia'),
(3615, 'UA', '26', 'Zaporizhia'),
(3616, 'UA', '27', 'Zhytomyr'),
(3617, 'UG', 'C', 'Central Region'),
(3618, 'UG', 'E', 'Eastern Region'),
(3619, 'UG', 'N', 'Northern Region'),
(3620, 'UG', 'W', 'Western Region'),
(3621, 'UM', '050', 'Baker Island'),
(3622, 'UM', '100', 'Howland Island'),
(3623, 'UM', '150', 'Jarvis Island'),
(3624, 'UM', '200', 'Johnston Atoll'),
(3625, 'UM', '250', 'Kingman Reef'),
(3626, 'UM', '300', 'Midway Islands'),
(3627, 'UM', '350', 'Navassa Island'),
(3628, 'UM', '400', 'Palmyra Atoll'),
(3629, 'UM', '450', 'Wake Island'),
(3630, 'US', 'AK', 'Alaska'),
(3631, 'US', 'AL', 'Alabama'),
(3632, 'US', 'AR', 'Arkansas'),
(3633, 'US', 'AZ', 'Arizona'),
(3634, 'US', 'CA', 'California'),
(3635, 'US', 'CO', 'Colorado'),
(3636, 'US', 'CT', 'Connecticut'),
(3637, 'US', 'DC', 'District of Columbia'),
(3638, 'US', 'DE', 'Delaware'),
(3639, 'US', 'FL', 'Florida'),
(3640, 'US', 'GA', 'Georgia'),
(3641, 'US', 'HI', 'Hawaii'),
(3642, 'US', 'IA', 'Iowa'),
(3643, 'US', 'ID', 'Idaho'),
(3644, 'US', 'IL', 'Illinois'),
(3645, 'US', 'IN', 'Indiana'),
(3646, 'US', 'KS', 'Kansas'),
(3647, 'US', 'KY', 'Kentucky'),
(3648, 'US', 'LA', 'Louisiana'),
(3649, 'US', 'MA', 'Massachusetts'),
(3650, 'US', 'MD', 'Maryland'),
(3651, 'US', 'ME', 'Maine'),
(3652, 'US', 'MI', 'Michigan'),
(3653, 'US', 'MN', 'Minnesota'),
(3654, 'US', 'MO', 'Missouri'),
(3655, 'US', 'MS', 'Mississippi'),
(3656, 'US', 'MT', 'Montana'),
(3657, 'US', 'NC', 'North Carolina'),
(3658, 'US', 'ND', 'North Dakota'),
(3659, 'US', 'NE', 'Nebraska'),
(3660, 'US', 'NH', 'New Hampshire'),
(3661, 'US', 'NJ', 'New Jersey'),
(3662, 'US', 'NM', 'New Mexico'),
(3663, 'US', 'NV', 'Nevada'),
(3664, 'US', 'NY', 'New York'),
(3665, 'US', 'OH', 'Ohio'),
(3666, 'US', 'OK', 'Oklahoma'),
(3667, 'US', 'OR', 'Oregon'),
(3668, 'US', 'PA', 'Pennsylvania'),
(3669, 'US', 'RI', 'Rhode Island'),
(3670, 'US', 'SC', 'South Carolina'),
(3671, 'US', 'SD', 'South Dakota'),
(3672, 'US', 'TN', 'Tennessee'),
(3673, 'US', 'TX', 'Texas'),
(3674, 'US', 'UT', 'Utah'),
(3675, 'US', 'VA', 'Virginia'),
(3676, 'US', 'VT', 'Vermont'),
(3677, 'US', 'WA', 'Washington'),
(3678, 'US', 'WI', 'Wisconsin'),
(3679, 'US', 'WV', 'West Virginia'),
(3680, 'US', 'WY', 'Wyoming'),
(3681, 'UY', '01', 'Artigas'),
(3682, 'UY', '02', 'Canelones'),
(3683, 'UY', '03', 'Cerro Largo'),
(3684, 'UY', '04', 'Colonia'),
(3685, 'UY', '05', 'Durazno'),
(3686, 'UY', '06', 'Flores'),
(3687, 'UY', '07', 'Florida'),
(3688, 'UY', '08', 'Lavalleja'),
(3689, 'UY', '09', 'Maldonado'),
(3690, 'UY', '10', 'Montevideo'),
(3691, 'UY', '11', 'Paysandu'),
(3692, 'UY', '12', 'Rio Negro'),
(3693, 'UY', '13', 'Rivera'),
(3694, 'UY', '14', 'Rocha'),
(3695, 'UY', '15', 'Salto'),
(3696, 'UY', '16', 'San Jose'),
(3697, 'UY', '17', 'Soriano'),
(3698, 'UY', '18', 'Tacuarembo'),
(3699, 'UY', '19', 'Treinta y Tres'),
(3700, 'UZ', '01', 'Andijon'),
(3701, 'UZ', '02', 'Bukhara'),
(3702, 'UZ', '03', 'Fergana'),
(3703, 'UZ', '05', 'Xorazm'),
(3704, 'UZ', '06', 'Namangan'),
(3705, 'UZ', '07', 'Navoiy'),
(3706, 'UZ', '08', 'Qashqadaryo'),
(3707, 'UZ', '09', 'Karakalpakstan'),
(3708, 'UZ', '10', 'Samarqand'),
(3709, 'UZ', '12', 'Surxondaryo'),
(3710, 'UZ', '13', 'Toshkent Shahri'),
(3711, 'UZ', '14', 'Toshkent'),
(3712, 'UZ', '15', 'Jizzax'),
(3713, 'UZ', '16', 'Sirdaryo'),
(3714, 'VC', '01', 'Charlotte'),
(3715, 'VC', '02', 'Saint Andrew'),
(3716, 'VC', '03', 'Saint David'),
(3717, 'VC', '04', 'Saint George'),
(3718, 'VC', '05', 'Saint Patrick'),
(3719, 'VC', '06', 'Grenadines'),
(3720, 'VE', '01', 'Amazonas'),
(3721, 'VE', '02', 'Anzoategui'),
(3722, 'VE', '03', 'Apure'),
(3723, 'VE', '04', 'Aragua'),
(3724, 'VE', '05', 'Barinas'),
(3725, 'VE', '06', 'Bolivar'),
(3726, 'VE', '07', 'Carabobo'),
(3727, 'VE', '08', 'Cojedes'),
(3728, 'VE', '09', 'Delta Amacuro'),
(3729, 'VE', '11', 'Falcon'),
(3730, 'VE', '12', 'Guarico'),
(3731, 'VE', '13', 'Lara'),
(3732, 'VE', '14', 'Merida'),
(3733, 'VE', '15', 'Miranda'),
(3734, 'VE', '16', 'Monagas'),
(3735, 'VE', '17', 'Nueva Esparta'),
(3736, 'VE', '18', 'Portuguesa'),
(3737, 'VE', '19', 'Sucre'),
(3738, 'VE', '20', 'Tachira'),
(3739, 'VE', '21', 'Trujillo'),
(3740, 'VE', '22', 'Yaracuy'),
(3741, 'VE', '23', 'Zulia'),
(3742, 'VE', '24', 'Dependencias Federales'),
(3743, 'VE', '25', 'Capital'),
(3744, 'VE', '26', 'Vargas'),
(3745, 'VG', '00', 'N/A'),
(3746, 'VI', '010', 'Saint Croix Island'),
(3747, 'VI', '020', 'Saint John Island'),
(3748, 'VI', '030', 'Saint Thomas Island'),
(3749, 'VN', '01', 'An Giang'),
(3750, 'VN', '03', 'Ben Tre'),
(3751, 'VN', '05', 'Cao Bang'),
(3752, 'VN', '09', 'Dong Thap'),
(3753, 'VN', '13', 'Hai Phong'),
(3754, 'VN', '20', 'Ho Chi Minh City'),
(3755, 'VN', '21', 'Kien Giang'),
(3756, 'VN', '23', 'Lam Dong'),
(3757, 'VN', '24', 'Long An'),
(3758, 'VN', '30', 'Quang Ninh'),
(3759, 'VN', '32', 'Son La'),
(3760, 'VN', '33', 'Tay Ninh'),
(3761, 'VN', '34', 'Thanh Hoa'),
(3762, 'VN', '35', 'Thai Binh'),
(3763, 'VN', '37', 'Tien Giang'),
(3764, 'VN', '39', 'Lang Son'),
(3765, 'VN', '43', 'Dong Nai'),
(3766, 'VN', '44', 'Ha Noi'),
(3767, 'VN', '45', 'Ba Ria-Vung Tau'),
(3768, 'VN', '46', 'Binh Dinh'),
(3769, 'VN', '47', 'Binh Thuan'),
(3770, 'VN', '49', 'Gia Lai'),
(3771, 'VN', '50', 'Ha Giang'),
(3772, 'VN', '52', 'Ha Tinh'),
(3773, 'VN', '53', 'Hoa Binh'),
(3774, 'VN', '54', 'Khanh Hoa'),
(3775, 'VN', '55', 'Kon Tum'),
(3776, 'VN', '58', 'Nghe An'),
(3777, 'VN', '59', 'Ninh Binh'),
(3778, 'VN', '60', 'Ninh Thuan'),
(3779, 'VN', '61', 'Phu Yen'),
(3780, 'VN', '62', 'Quang Binh'),
(3781, 'VN', '63', 'Quang Ngai'),
(3782, 'VN', '64', 'Quang Tri'),
(3783, 'VN', '65', 'Soc Trang'),
(3784, 'VN', '66', 'Thua Thien-Hue'),
(3785, 'VN', '67', 'Tra Vinh'),
(3786, 'VN', '68', 'Tuyen Quang'),
(3787, 'VN', '69', 'Vinh Long'),
(3788, 'VN', '70', 'Yen Bai'),
(3789, 'VN', '71', 'Bac Giang'),
(3790, 'VN', '72', 'Bac Kan'),
(3791, 'VN', '73', 'Bac Lieu'),
(3792, 'VN', '74', 'Bac Ninh'),
(3793, 'VN', '75', 'Binh Duong'),
(3794, 'VN', '76', 'Binh Phuoc'),
(3795, 'VN', '77', 'Ca Mau'),
(3796, 'VN', '78', 'Da Nang'),
(3797, 'VN', '79', 'Hai Duong'),
(3798, 'VN', '80', 'Ha Nam'),
(3799, 'VN', '81', 'Hung Yen'),
(3800, 'VN', '82', 'Nam Dinh'),
(3801, 'VN', '83', 'Phu Tho'),
(3802, 'VN', '84', 'Quang Nam'),
(3803, 'VN', '85', 'Thai Nguyen'),
(3804, 'VN', '86', 'Vinh Phuc'),
(3805, 'VN', '87', 'Can Tho'),
(3806, 'VN', '88', 'Dac Lak'),
(3807, 'VN', '89', 'Lai Chau'),
(3808, 'VN', '90', 'Lao Cai'),
(3809, 'VN', '91', 'Dak Nong'),
(3810, 'VN', '92', 'Huyen Dien Bien'),
(3811, 'VN', '93', 'Hau Giang'),
(3812, 'VU', '07', 'Torba'),
(3813, 'VU', '13', 'Sanma'),
(3814, 'VU', '15', 'Tafea'),
(3815, 'VU', '16', 'Malampa'),
(3816, 'VU', '17', 'Penama'),
(3817, 'VU', '18', 'Shefa'),
(3818, 'WF', '98611', 'Circonscription d''Alo'),
(3819, 'WF', '98612', 'Circonscription de Sigave'),
(3820, 'WF', '98613', 'Circonscription d''Uvea'),
(3821, 'WS', '01', 'A''ana'),
(3822, 'WS', '02', 'Aiga-i-le-Tai'),
(3823, 'WS', '03', 'Atua'),
(3824, 'WS', '04', 'Fa`asaleleaga'),
(3825, 'WS', '05', 'Gaga`emauga'),
(3826, 'WS', '06', 'Va`a-o-Fonoti'),
(3827, 'WS', '07', 'Gagaifomauga'),
(3828, 'WS', '08', 'Palauli'),
(3829, 'WS', '09', 'Satupa`itea'),
(3830, 'WS', '10', 'Tuamasaga'),
(3831, 'WS', '11', 'Vaisigano'),
(3832, 'XK', '01', 'Komuna e Decanit'),
(3833, 'XK', '02', 'Komuna e Dragashit'),
(3834, 'XK', '03', 'Komuna e Ferizajt'),
(3835, 'XK', '04', 'Kosovo Polje'),
(3836, 'XK', '05', 'Komuna e Gjakoves'),
(3837, 'XK', '06', 'Komuna e Gjilanit'),
(3838, 'XK', '07', 'Komuna e Drenasit'),
(3839, 'XK', '08', 'Komuna e Istogut'),
(3840, 'XK', '09', 'Komuna e Kacanikut'),
(3841, 'XK', '10', 'Kamenica'),
(3842, 'XK', '11', 'Komuna e Klines'),
(3843, 'XK', '12', 'Komuna e Leposaviqit'),
(3844, 'XK', '13', 'Lipjan'),
(3845, 'XK', '14', 'Komuna e Malisheves'),
(3846, 'XK', '15', 'Komuna e Mitrovices'),
(3847, 'XK', '16', 'Novo Brdo'),
(3848, 'XK', '17', 'Komuna e Obiliqit'),
(3849, 'XK', '18', 'Komuna e Pejes'),
(3850, 'XK', '19', 'Podujevo'),
(3851, 'XK', '20', 'Komuna e Prishtines'),
(3852, 'XK', '21', 'Prizren'),
(3853, 'XK', '22', 'Orahovac'),
(3854, 'XK', '23', 'Opstina Strpce'),
(3855, 'XK', '24', 'Komuna e Shtimes'),
(3856, 'XK', '25', 'Komuna e Skenderajt'),
(3857, 'XK', '26', 'Komuna e Therandes'),
(3858, 'XK', '27', 'Komuna e Vitise'),
(3859, 'XK', '28', 'Vushtrri'),
(3860, 'XK', '29', 'Komuna e Zubin Potokut'),
(3861, 'XK', '30', 'Opstina Zvecan'),
(3862, 'XK', '31', 'Komuna e Gracanices'),
(3863, 'XK', '32', 'Hani i Elezit'),
(3864, 'XK', '33', 'Komuna e Junikut'),
(3865, 'XK', '34', 'Komuna e Kllokotit'),
(3866, 'XK', '35', 'Komuna e Mamushes'),
(3867, 'XK', '36', 'Komuna e Parteshit'),
(3868, 'XK', '37', 'Komuna e Ranillugut'),
(3869, 'YE', '01', 'Abyan'),
(3870, 'YE', '02', 'Aden'),
(3871, 'YE', '03', 'Al Mahrah'),
(3872, 'YE', '04', 'Muhafazat Hadramawt'),
(3873, 'YE', '05', 'Shabwah'),
(3874, 'YE', '08', 'Muhafazat al Hudaydah'),
(3875, 'YE', '10', 'Al Mahwit'),
(3876, 'YE', '11', 'Dhamar'),
(3877, 'YE', '14', 'Ma''rib'),
(3878, 'YE', '15', 'Sa''dah'),
(3879, 'YE', '16', 'Sanaa'),
(3880, 'YE', '18', 'Ad Dali'''),
(3881, 'YE', '19', 'Omran'),
(3882, 'YE', '20', 'Muhafazat al Bayda'''),
(3883, 'YE', '21', 'Al Jawf'),
(3884, 'YE', '22', 'Hajjah'),
(3885, 'YE', '23', 'Ibb'),
(3886, 'YE', '24', 'Lahij'),
(3887, 'YE', '25', 'Ta''izz'),
(3888, 'YE', '26', 'Amanat Al Asimah'),
(3889, 'YE', '27', 'Raymah'),
(3890, 'YE', '28', 'Soqatra Governorate'),
(3891, 'YT', '97601', 'Acoua'),
(3892, 'YT', '97602', 'Bandraboua'),
(3893, 'YT', '97603', 'Bandrele'),
(3894, 'YT', '97604', 'Boueni'),
(3895, 'YT', '97605', 'Chiconi'),
(3896, 'YT', '97606', 'Chirongui'),
(3897, 'YT', '97607', 'Dembeni'),
(3898, 'YT', '97608', 'Dzaoudzi'),
(3899, 'YT', '97609', 'Kani-Keli'),
(3900, 'YT', '97610', 'Koungou'),
(3901, 'YT', '97611', 'Mamoudzou'),
(3902, 'YT', '97612', 'Mtsamboro'),
(3903, 'YT', '97613', 'M''Tsangamouji'),
(3904, 'YT', '97614', 'Ouangani'),
(3905, 'YT', '97615', 'Pamandzi'),
(3906, 'YT', '97616', 'Sada'),
(3907, 'YT', '97617', 'Tsingoni'),
(3908, 'ZA', '02', 'KwaZulu-Natal'),
(3909, 'ZA', '03', 'Orange Free State'),
(3910, 'ZA', '05', 'Eastern Cape'),
(3911, 'ZA', '06', 'Gauteng'),
(3912, 'ZA', '07', 'Mpumalanga'),
(3913, 'ZA', '08', 'Northern Cape'),
(3914, 'ZA', '09', 'Limpopo'),
(3915, 'ZA', '10', 'North-West'),
(3916, 'ZA', '11', 'Western Cape'),
(3917, 'ZM', '01', 'Western'),
(3918, 'ZM', '02', 'Central'),
(3919, 'ZM', '03', 'Eastern'),
(3920, 'ZM', '04', 'Luapula'),
(3921, 'ZM', '05', 'Northern'),
(3922, 'ZM', '06', 'North-Western'),
(3923, 'ZM', '07', 'Southern'),
(3924, 'ZM', '08', 'Copperbelt'),
(3925, 'ZM', '09', 'Lusaka'),
(3926, 'ZW', '01', 'Manicaland'),
(3927, 'ZW', '02', 'Midlands'),
(3928, 'ZW', '03', 'Mashonaland Central'),
(3929, 'ZW', '04', 'Mashonaland East'),
(3930, 'ZW', '05', 'Mashonaland West'),
(3931, 'ZW', '06', 'Matabeleland North'),
(3932, 'ZW', '07', 'Matabeleland South'),
(3933, 'ZW', '08', 'Masvingo'),
(3934, 'ZW', '09', 'Bulawayo'),
(3935, 'ZW', '10', 'Harare');

--
-- Indexes for dumped tables
--

--
-- Indexes for table `channels`
--
ALTER TABLE `channels`
  ADD PRIMARY KEY (`id`);

--
-- Indexes for table `cities`
--
ALTER TABLE `cities`
  ADD PRIMARY KEY (`id`);

--
-- Indexes for table `countries`
--
ALTER TABLE `countries`
  ADD KEY `country_code` (`country_code`);

--
-- Indexes for table `states`
--
ALTER TABLE `states`
  ADD PRIMARY KEY (`id`), ADD KEY `country_code` (`country_code`,`state_code`);

--
-- AUTO_INCREMENT for dumped tables
--

--
-- AUTO_INCREMENT for table `channels`
--
ALTER TABLE `channels`
  MODIFY `id` int(11) unsigned NOT NULL AUTO_INCREMENT,AUTO_INCREMENT=14;
--
-- AUTO_INCREMENT for table `cities`
--
ALTER TABLE `cities`
  MODIFY `id` int(10) unsigned NOT NULL AUTO_INCREMENT,AUTO_INCREMENT=6;
--
-- AUTO_INCREMENT for table `states`
--
ALTER TABLE `states`
  MODIFY `id` int(10) unsigned NOT NULL AUTO_INCREMENT,AUTO_INCREMENT=3936;
/*!40101 SET CHARACTER_SET_CLIENT=@OLD_CHARACTER_SET_CLIENT */;
/*!40101 SET CHARACTER_SET_RESULTS=@OLD_CHARACTER_SET_RESULTS */;
/*!40101 SET COLLATION_CONNECTION=@OLD_COLLATION_CONNECTION */;
